"Date Time, GMT+02:00","Temp, °C ","RH, % "
2/22/2024 12:00,34.21,19.658
2/22/2024 13:00,35.283,16.215
2/22/2024 14:00,36.012,11.844
2/22/2024 15:00,37.085,10.159
2/22/2024 16:00,36.656,10.696
2/22/2024 17:00,34.596,9.792
2/22/2024 18:00,32.837,10.965
2/22/2024 19:00,28.118,17.851
2/22/2024 20:00,23.614,32.088
2/22/2024 21:00,21.941,35.458
2/22/2024 22:00,24.386,44.469
2/22/2024 23:00,22.799,48.913
2/23/2024 0:00,21.683,52.918
2/23/2024 1:00,20.396,57.753
2/23/2024 2:00,19.238,61.49
2/23/2024 3:00,17.35,70.305
2/23/2024 4:00,16.321,75.018
2/23/2024 5:00,15.506,77.778
2/23/2024 6:00,15.549,77.875
2/23/2024 7:00,17.179,72.796
2/23/2024 8:00,21.469,57.46
2/23/2024 9:00,26.188,44.298
2/23/2024 10:00,30.607,36.117
2/23/2024 11:00,34.725,22.491
2/23/2024 12:00,36.184,21.27
2/23/2024 13:00,38.243,17.363
2/23/2024 14:00,37.514,15.409
2/23/2024 15:00,34.21,18.266
2/23/2024 16:00,37.728,15.531
2/23/2024 17:00,36.656,16.239
2/23/2024 18:00,32.451,23.834
2/23/2024 19:00,29.491,31.16
2/23/2024 20:00,28.762,31.087
2/23/2024 21:00,26.445,39.805
2/23/2024 22:00,25.502,42.759
2/23/2024 23:00,24.729,46.227
2/24/2024 0:00,24.515,46.984
2/24/2024 1:00,24.644,43.297
2/24/2024 2:00,22.198,63.199
2/24/2024 3:00,17.35,96.264
2/24/2024 4:00,18.037,98.12
2/24/2024 5:00,17.222,98.755
2/24/2024 6:00,17.05,99.048
2/24/2024 7:00,17.608,99.341
2/24/2024 8:00,17.522,99.389
2/24/2024 9:00,17.822,99.145
2/24/2024 10:00,18.037,98.584
2/24/2024 11:00,19.624,96.703
2/24/2024 12:00,22.155,80.122
2/24/2024 13:00,25.073,59.634
2/24/2024 14:00,29.363,44.274
2/24/2024 15:00,33.095,33.968
2/24/2024 16:00,31.422,38.095
2/24/2024 17:00,30.607,41.27
2/24/2024 18:00,26.488,47.643
2/24/2024 19:00,24.558,57.949
2/24/2024 20:00,23.228,67.985
2/24/2024 21:00,21.984,74.261
2/24/2024 22:00,22.112,72.601
2/24/2024 23:00,20.268,91.331
2/25/2024 0:00,19.538,97.631
2/25/2024 1:00,17.222,98.681
2/25/2024 2:00,16.707,98.877
2/25/2024 3:00,16.45,99.145
2/25/2024 4:00,15.978,98.242
2/25/2024 5:00,16.021,95.873
2/25/2024 6:00,15.72,96.044
2/25/2024 7:00,17.179,89.109
2/25/2024 8:00,19.281,80.073
2/25/2024 9:00,21.64,70.647
2/25/2024 10:00,25.158,59.145
2/25/2024 11:00,27.647,50.891
2/25/2024 12:00,30.178,43.346
2/25/2024 13:00,30.478,40.928
2/25/2024 14:00,32.237,38.339
2/25/2024 15:00,32.88,32.869
2/25/2024 16:00,32.709,26.74
2/25/2024 17:00,30.135,27.277
2/25/2024 18:00,28.033,28.791
2/25/2024 19:00,25.373,33.211
2/25/2024 20:00,20.697,55.678
2/25/2024 21:00,18.981,65.153
2/25/2024 22:00,18.337,58.901
2/25/2024 23:00,16.75,68.816
2/26/2024 0:00,18.938,47.863
2/26/2024 1:00,16.535,70.623
2/26/2024 2:00,15.634,74.774
2/26/2024 3:00,14.862,76.728
2/26/2024 4:00,14.09,78.193
2/26/2024 5:00,13.232,79.853
2/26/2024 6:00,12.846,78.266
2/26/2024 7:00,13.876,72.796
2/26/2024 8:00,16.879,63.223
2/26/2024 9:00,19.41,56.239
2/26/2024 10:00,23.743,44.225
2/26/2024 11:00,26.96,34.75
2/26/2024 12:00,30.221,25.201
2/26/2024 13:00,28.547,20.44
2/26/2024 14:00,31.937,21.856
2/26/2024 15:00,31.036,20.537
2/26/2024 16:00,31.25,22.613
2/26/2024 17:00,29.234,20.611
2/26/2024 18:00,26.016,23.443
2/26/2024 19:00,23.657,28.181
2/26/2024 20:00,20.954,35.409
2/26/2024 21:00,17.565,50.745
2/26/2024 22:00,18.938,36.142
2/26/2024 23:00,16.879,38.803
2/27/2024 0:00,16.021,42.857
2/27/2024 1:00,14.262,52.845
2/27/2024 2:00,14.047,55.458
2/27/2024 3:00,12.288,76.484
2/27/2024 4:00,13.103,89.402
2/27/2024 5:00,13.747,87.326
2/27/2024 6:00,13.618,89.011
2/27/2024 7:00,14.347,86.129
2/27/2024 8:00,16.75,75.873
2/27/2024 9:00,19.495,66.789
2/27/2024 10:00,24.214,52.796
2/27/2024 11:00,28.161,43.712
2/27/2024 12:00,27.475,42.32
2/27/2024 13:00,30.349,33.797
2/27/2024 14:00,29.834,31.453
2/27/2024 15:00,30.478,27.863
2/27/2024 16:00,30.65,26.398
2/27/2024 17:00,30.092,28.156
2/27/2024 18:00,26.66,35.482
2/27/2024 19:00,24.429,38.852
2/27/2024 20:00,21.469,50.403
2/27/2024 21:00,18.895,64.518
2/27/2024 22:00,17.436,67.131
2/27/2024 23:00,19.839,51.062
2/28/2024 0:00,18.466,55.165
2/28/2024 1:00,18.423,60.684
2/28/2024 2:00,16.621,75.824
2/28/2024 3:00,16.192,77.46
2/28/2024 4:00,15.463,80.879
2/28/2024 5:00,15.077,82.833
2/28/2024 6:00,14.648,84.396
2/28/2024 7:00,15.592,80.049
2/28/2024 8:00,18.423,71.184
2/28/2024 9:00,22.498,60.904
2/28/2024 10:00,24.858,56.508
2/28/2024 11:00,28.076,45.104
2/28/2024 12:00,27.689,45.079
2/28/2024 13:00,32.88,34.75
2/28/2024 14:00,31.422,37.338
2/28/2024 15:00,32.151,30.818
2/28/2024 16:00,31.079,28.889
2/28/2024 17:00,30.006,30.574
2/28/2024 18:00,27.346,34.676
2/28/2024 19:00,25.673,42.369
2/28/2024 20:00,23.056,53.162
2/28/2024 21:00,22.756,56.435
2/28/2024 22:00,21.683,61.197
2/28/2024 23:00,20.353,67.424
2/29/2024 0:00,19.796,70.11
2/29/2024 1:00,18.895,69.304
2/29/2024 2:00,17.822,68.84
2/29/2024 3:00,17.35,68.156
2/29/2024 4:00,16.45,70.696
2/29/2024 5:00,16.407,69.939
2/29/2024 6:00,15.677,72.918
2/29/2024 7:00,16.535,69.304
2/29/2024 8:00,18.809,62.1
2/29/2024 9:00,21.726,55.482
2/29/2024 10:00,24.429,49.67
2/29/2024 11:00,27.904,45.299
2/29/2024 12:00,27.175,43.028
2/29/2024 13:00,29.405,38.657
2/29/2024 14:00,31.679,31.648
2/29/2024 15:00,29.92,34.09
2/29/2024 16:00,33.567,26.862
2/29/2024 17:00,29.62,33.895
2/29/2024 18:00,27.518,39.267
2/29/2024 19:00,25.587,46.667
2/29/2024 20:00,24.172,50.916
2/29/2024 21:00,23.442,52.576
2/29/2024 22:00,22.155,58.12
2/29/2024 23:00,20.182,65.763
3/1/2024 0:00,19.281,70.183
3/1/2024 1:00,20.697,64.567
3/1/2024 2:00,19.281,66.471
3/1/2024 3:00,17.265,75.946
3/1/2024 4:00,16.45,77.582
3/1/2024 5:00,16.149,80.757
3/1/2024 6:00,15.248,87.228
3/1/2024 7:00,17.136,78.535
3/1/2024 8:00,21.64,58.364
3/1/2024 9:00,24.729,48.669
3/1/2024 10:00,28.976,36.752
3/1/2024 11:00,29.148,33.504
3/1/2024 12:00,30.907,28.547
3/1/2024 13:00,32.022,28.571
3/1/2024 14:00,35.969,23.956
3/1/2024 15:00,34.511,23.028
3/1/2024 16:00,31.164,25.714
3/1/2024 17:00,31.722,25.104
3/1/2024 18:00,29.277,27.766
3/1/2024 19:00,24.815,43.101
3/1/2024 20:00,22.756,49.255
3/1/2024 21:00,21.254,54.847
3/1/2024 22:00,23.657,46.129
3/1/2024 23:00,22.413,47.326
3/2/2024 0:00,21.169,49.573
3/2/2024 1:00,20.568,50.72
3/2/2024 2:00,19.152,54.432
3/2/2024 3:00,19.581,53.333
3/2/2024 4:00,18.809,56.41
3/2/2024 5:00,17.136,66.3
3/2/2024 6:00,15.677,71.209
3/2/2024 7:00,17.479,67.668
3/2/2024 8:00,19.41,66.545
3/2/2024 9:00,24.429,44.371
3/2/2024 10:00,27.861,37.338
3/2/2024 11:00,29.148,27.937
3/2/2024 12:00,30.821,26.129
3/2/2024 13:00,34.854,23.858
3/2/2024 14:00,33.524,26.3
3/2/2024 15:00,34.596,21.929
3/2/2024 16:00,36.184,18.046
3/2/2024 17:00,31.808,22.979
3/2/2024 18:00,29.792,25.91
3/2/2024 19:00,26.874,33.626
3/2/2024 20:00,25.201,37.656
3/2/2024 21:00,24.129,40.098
3/2/2024 22:00,21.426,51.038
3/2/2024 23:00,22.885,42.125
3/3/2024 0:00,20.954,49.109
3/3/2024 1:00,20.611,48.132
3/3/2024 2:00,19.796,50.867
3/3/2024 3:00,18.466,55.873
3/3/2024 4:00,18.68,53.871
3/3/2024 5:00,18.637,53.48
3/3/2024 6:00,19.238,50.574
3/3/2024 7:00,19.581,49.744
3/3/2024 8:00,22.413,45.348
3/3/2024 9:00,25.33,40.635
3/3/2024 10:00,28.676,32.967
3/3/2024 11:00,31.937,25.763
3/3/2024 12:00,33.653,25.543
3/3/2024 13:00,33.309,23.59
3/3/2024 14:00,35.411,20.024
3/3/2024 15:00,36.27,18.632
3/3/2024 16:00,33.996,21.587
3/3/2024 17:00,31.336,24.689
3/3/2024 18:00,27.732,31.258
3/3/2024 19:00,25.287,33.382
3/3/2024 20:00,23.785,43.761
3/3/2024 21:00,20.439,63.956
3/3/2024 22:00,17.007,92.723
3/3/2024 23:00,16.75,96.801
3/4/2024 0:00,17.436,97.411
3/4/2024 1:00,17.951,81.563
3/4/2024 2:00,18.037,81.074
3/4/2024 3:00,17.479,84.518
3/4/2024 4:00,17.608,79.951
3/4/2024 5:00,16.321,87.399
3/4/2024 6:00,17.179,80.757
3/4/2024 7:00,18.037,77.363
3/4/2024 8:00,20.997,64.982
3/4/2024 9:00,23.914,52.747
3/4/2024 10:00,27.432,42.515
3/4/2024 11:00,28.762,36.728
3/4/2024 12:00,32.451,30.403
3/4/2024 13:00,30.564,30.452
3/4/2024 14:00,28.976,36.361
3/4/2024 15:00,21.984,62.515
3/4/2024 16:00,17.05,90.256
3/4/2024 17:00,18.595,84.225
3/4/2024 18:00,20.439,75.433
3/4/2024 19:00,19.753,74.896
3/4/2024 20:00,20.225,68.596
3/4/2024 21:00,19.624,68.718
3/4/2024 22:00,20.525,62.662
3/4/2024 23:00,18.766,69.499
3/5/2024 0:00,19.453,48.547
3/5/2024 1:00,17.565,55.36
3/5/2024 2:00,16.407,59.389
3/5/2024 3:00,14.691,60.513
3/5/2024 4:00,14.476,59.414
3/5/2024 5:00,13.747,62.247
3/5/2024 6:00,12.975,67.204
3/5/2024 7:00,13.575,65.861
3/5/2024 8:00,14.133,63.834
3/5/2024 9:00,16.621,58.877
3/5/2024 10:00,22.027,38.291
3/5/2024 11:00,22.885,32.601
3/5/2024 12:00,23.785,26.3
3/5/2024 13:00,25.459,26.276
3/5/2024 14:00,26.231,19.536
3/5/2024 15:00,26.96,15.556
3/5/2024 16:00,27.175,12.112
3/5/2024 17:00,24.558,15.849
3/5/2024 18:00,22.413,24.249
3/5/2024 19:00,19.967,26.52
3/5/2024 20:00,18.38,32.869
3/5/2024 21:00,16.235,38.852
3/5/2024 22:00,15.248,43.028
3/5/2024 23:00,13.876,49.792
3/6/2024 0:00,11.773,60.952
3/6/2024 1:00,10.443,70.647
3/6/2024 2:00,10.014,69.182
3/6/2024 3:00,8.942,73.284
3/6/2024 4:00,8.727,75.14
3/6/2024 5:00,8.298,75.458
3/6/2024 6:00,7.827,80
3/6/2024 7:00,9.371,72.894
3/6/2024 8:00,16.45,39.585
3/6/2024 9:00,19.924,35.043
3/6/2024 10:00,24.686,24.469
3/6/2024 11:00,27.432,20.049
3/6/2024 12:00,30.049,16.337
3/6/2024 13:00,29.663,14.603
3/6/2024 14:00,30.006,14.188
3/6/2024 15:00,31.121,16.313
3/6/2024 16:00,31.336,14.799
3/6/2024 17:00,27.346,17.875
3/6/2024 18:00,25.845,19.121
3/6/2024 19:00,21.04,31.429
3/6/2024 20:00,17.779,41.416
3/6/2024 21:00,15.677,48.156
3/6/2024 22:00,14.734,53.114
3/6/2024 23:00,13.704,54.701
3/7/2024 0:00,13.318,59.634
3/7/2024 1:00,12.031,64.396
3/7/2024 2:00,11.516,65.055
3/7/2024 3:00,10.872,66.178
3/7/2024 4:00,10.229,71.624
3/7/2024 5:00,9.886,71.184
3/7/2024 6:00,10.143,69.646
3/7/2024 7:00,11.559,71.526
3/7/2024 8:00,19.495,39.878
3/7/2024 9:00,22.885,33.748
3/7/2024 10:00,28.719,18.974
3/7/2024 11:00,29.663,16.825
3/7/2024 12:00,29.363,13.065
3/7/2024 13:00,33.781,12.357
3/7/2024 14:00,33.395,12.943
3/7/2024 15:00,33.61,14.505
3/7/2024 16:00,33.867,14.066
3/7/2024 17:00,31.121,15.189
3/7/2024 18:00,29.663,16.264
3/7/2024 19:00,24.343,26.325
3/7/2024 20:00,20.268,41.368
3/7/2024 21:00,18.166,45.299
3/7/2024 22:00,16.879,48.156
3/7/2024 23:00,15.978,53.211
3/8/2024 0:00,18.637,46.593
3/8/2024 1:00,17.436,70.965
3/8/2024 2:00,15.892,80.855
3/8/2024 3:00,14.734,85.079
3/8/2024 4:00,13.275,92.039
3/8/2024 5:00,12.546,93.089
3/8/2024 6:00,12.031,93.48
3/8/2024 7:00,13.489,92.479
3/8/2024 8:00,19.024,72.869
3/8/2024 9:00,22.584,56.044
3/8/2024 10:00,27.346,37.167
3/8/2024 11:00,31.379,17.485
3/8/2024 12:00,32.194,14.53
3/8/2024 13:00,32.28,15.385
3/8/2024 14:00,34.167,13.407
3/8/2024 15:00,31.164,16.679
3/8/2024 16:00,31.293,14.237
3/8/2024 17:00,30.821,13.138
3/8/2024 18:00,29.405,14.066
3/8/2024 19:00,22.842,29.719
3/8/2024 20:00,19.066,40.733
3/8/2024 21:00,17.694,42.1
3/8/2024 22:00,16.106,44.274
3/8/2024 23:00,15.205,53.162
3/9/2024 0:00,14.39,52.943
3/9/2024 1:00,13.575,52.918
3/9/2024 2:00,12.846,56.801
3/9/2024 3:00,11.988,58.828
3/9/2024 4:00,11.516,64.811
3/9/2024 5:00,11.259,65.592
3/9/2024 6:00,11.602,61.416
3/9/2024 7:00,13.06,59.072
3/9/2024 8:00,19.024,60
3/9/2024 9:00,23.828,48.571
3/9/2024 10:00,27.861,42.711
3/9/2024 11:00,31.937,28.278
3/9/2024 12:00,34.94,19.829
3/9/2024 13:00,34.897,17.07
3/9/2024 14:00,35.283,15.165
3/9/2024 15:00,36.227,13.919
3/9/2024 16:00,35.969,14.799
3/9/2024 17:00,31.422,20.269
3/9/2024 18:00,31.55,17.411
3/9/2024 19:00,24.858,33.529
3/9/2024 20:00,21.812,38.413
3/9/2024 21:00,19.538,45.714
3/9/2024 22:00,18.08,49.988
3/9/2024 23:00,16.621,53.431
3/10/2024 0:00,15.892,58.217
3/10/2024 1:00,14.991,60.293
3/10/2024 2:00,14.262,62.002
3/10/2024 3:00,13.575,68.62
3/10/2024 4:00,17.007,51.648
3/10/2024 5:00,15.077,61.783
3/10/2024 6:00,16.063,73.382
3/10/2024 7:00,17.222,69.035
3/10/2024 8:00,20.825,69.548
3/10/2024 9:00,24.944,55.214
3/10/2024 10:00,29.62,41.123
3/10/2024 11:00,32.451,32.967
3/10/2024 12:00,33.695,27.546
3/10/2024 13:00,35.669,18.632
3/10/2024 14:00,37.814,16.923
3/10/2024 15:00,37.128,13.651
3/10/2024 16:00,36.613,12.894
3/10/2024 17:00,34.253,18.266
3/10/2024 18:00,32.366,20.635
3/10/2024 19:00,26.789,33.553
3/10/2024 20:00,23.228,43.492
3/10/2024 21:00,21.426,48.327
3/10/2024 22:00,19.581,47.131
3/10/2024 23:00,18.852,51.233
3/11/2024 0:00,18.552,49.817
3/11/2024 1:00,17.136,53.993
3/11/2024 2:00,19.624,40.464
3/11/2024 3:00,18.123,58.974
3/11/2024 4:00,21.297,56.777
3/11/2024 5:00,20.868,58.779
3/11/2024 6:00,19.882,63.639
3/11/2024 7:00,20.74,63.37
3/11/2024 8:00,23.871,53.236
3/11/2024 9:00,27.175,42.564
3/11/2024 10:00,30.564,30.574
3/11/2024 11:00,34.425,26.838
3/11/2024 12:00,34.468,24.982
3/11/2024 13:00,37.857,21.197
3/11/2024 14:00,33.953,23.834
3/11/2024 15:00,39.573,17.607
3/11/2024 16:00,37.471,19.341
3/11/2024 17:00,33.738,23.248
3/11/2024 18:00,31.636,27.57
3/11/2024 19:00,27.475,36.923
3/11/2024 20:00,24.558,47.375
3/11/2024 21:00,26.402,39.194
3/11/2024 22:00,26.402,39.902
3/11/2024 23:00,25.373,41.856
3/12/2024 0:00,25.158,41.221
3/12/2024 1:00,24.729,42.515
3/12/2024 2:00,23.614,39.438
3/12/2024 3:00,23.271,40.195
3/12/2024 4:00,21.855,44.078
3/12/2024 5:00,21.426,45.763
3/12/2024 6:00,21.211,46.252
3/12/2024 7:00,21.812,45.812
3/12/2024 8:00,24.172,40.977
3/12/2024 9:00,27.175,35.946
3/12/2024 10:00,30.178,31.893
3/12/2024 11:00,33.695,26.593
3/12/2024 12:00,33.395,27.424
3/12/2024 13:00,35.712,25.885
3/12/2024 14:00,35.24,24.444
3/12/2024 15:00,35.883,23.883
3/12/2024 16:00,35.326,24.835
3/12/2024 17:00,17.136,95.897
3/12/2024 18:00,18.294,90.085
3/12/2024 19:00,20.954,69.499
3/12/2024 20:00,22.37,55.922
3/12/2024 21:00,24.043,42.198
3/12/2024 22:00,24.129,40.22
3/12/2024 23:00,23.914,40.488
3/13/2024 0:00,22.584,50.232
3/13/2024 1:00,20.182,62.857
3/13/2024 2:00,18.08,76.947
3/13/2024 3:00,17.35,81.734
3/13/2024 4:00,17.265,74.823
3/13/2024 5:00,15.978,82.735
3/13/2024 6:00,15.549,86.349
3/13/2024 7:00,16.535,84.469
3/13/2024 8:00,22.498,51.624
3/13/2024 9:00,25.845,42.54
3/13/2024 10:00,28.891,33.431
3/13/2024 11:00,32.58,24.835
3/13/2024 12:00,32.709,19.927
3/13/2024 13:00,35.926,17.9
3/13/2024 14:00,33.352,18.413
3/13/2024 15:00,35.369,14.774
3/13/2024 16:00,32.451,17.241
3/13/2024 17:00,30.821,18.242
3/13/2024 18:00,30.178,19.78
3/13/2024 19:00,28.462,21.099
3/13/2024 20:00,25.973,25.592
3/13/2024 21:00,25.716,22.784
3/13/2024 22:00,23.828,22.833
3/13/2024 23:00,21.512,41.636
3/14/2024 0:00,19.41,65.47
3/14/2024 1:00,18.037,74.139
3/14/2024 2:00,16.75,81.783
3/14/2024 3:00,16.535,82.979
3/14/2024 4:00,16.149,84.005
3/14/2024 5:00,14.819,89.817
3/14/2024 6:00,14.004,91.038
3/14/2024 7:00,14.433,87.521
3/14/2024 8:00,16.278,77.46
3/14/2024 9:00,18.938,65.861
3/14/2024 10:00,23.743,49.597
3/14/2024 11:00,27.561,36.093
3/14/2024 12:00,28.505,27.546
3/14/2024 13:00,29.191,23.053
3/14/2024 14:00,30.263,20.024
3/14/2024 15:00,32.709,16.337
3/14/2024 16:00,31.164,15.214
3/14/2024 17:00,27.475,18.779
3/14/2024 18:00,25.416,22.491
3/14/2024 19:00,21.512,31.966
3/14/2024 20:00,17.865,52.869
3/14/2024 21:00,16.578,56.899
3/14/2024 22:00,17.608,42.198
3/14/2024 23:00,16.407,52.381
3/15/2024 0:00,14.905,58.046
3/15/2024 1:00,15.549,58.046
3/15/2024 2:00,14.047,66.862
3/15/2024 3:00,13.489,77.387
3/15/2024 4:00,13.361,79.072
3/15/2024 5:00,13.146,80.977
3/15/2024 6:00,13.146,81.758
3/15/2024 7:00,13.833,80.781
3/15/2024 8:00,16.621,75.36
3/15/2024 9:00,20.74,65.641
3/15/2024 10:00,24.3,51.893
3/15/2024 11:00,28.247,39.683
3/15/2024 12:00,32.408,24.884
3/15/2024 13:00,32.58,23.516
3/15/2024 14:00,34.253,19.512
3/15/2024 15:00,35.755,19.487
3/15/2024 16:00,34.296,18.462
3/15/2024 17:00,30.306,19.463
3/15/2024 18:00,27.947,26.154
3/15/2024 19:00,22.456,49.573
3/15/2024 20:00,19.796,54.921
3/15/2024 21:00,17.865,61.783
3/15/2024 22:00,16.664,67.155
3/15/2024 23:00,15.849,69.084
3/16/2024 0:00,15.334,71.209
3/16/2024 1:00,14.09,71.502
3/16/2024 2:00,13.747,74.969
3/16/2024 3:00,13.06,77.411
3/16/2024 4:00,12.159,82.1
3/16/2024 5:00,11.559,83.883
3/16/2024 6:00,11.344,85.739
3/16/2024 7:00,12.331,83.199
3/16/2024 8:00,19.109,58.974
3/16/2024 9:00,23.013,42.955
3/16/2024 10:00,28.204,21.026
3/16/2024 11:00,32.108,13.968
3/16/2024 12:00,35.068,12.381
3/16/2024 13:00,35.025,10.867
3/16/2024 14:00,35.369,15.116
3/16/2024 15:00,36.312,13.846
3/16/2024 16:00,36.398,10.623
3/16/2024 17:00,33.61,11.624
3/16/2024 18:00,31.765,12.186
3/16/2024 19:00,24.257,29.231
3/16/2024 20:00,20.439,43.761
3/16/2024 21:00,18.595,51.819
3/16/2024 22:00,17.951,51.941
3/16/2024 23:00,16.793,51.526
3/17/2024 0:00,15.978,55.726
3/17/2024 1:00,18.552,31.233
3/17/2024 2:00,18.123,49.792
3/17/2024 3:00,15.592,60
3/17/2024 4:00,14.691,64.591
3/17/2024 5:00,13.661,70.427
3/17/2024 6:00,15.12,65.763
3/17/2024 7:00,15.12,67.375
3/17/2024 8:00,17.565,59.145
3/17/2024 9:00,22.069,57.9
3/17/2024 10:00,27.475,44.103
3/17/2024 11:00,32.366,31.16
3/17/2024 12:00,33.953,19.609
3/17/2024 13:00,34.124,21.856
3/17/2024 14:00,34.725,13.358
3/17/2024 15:00,36.098,15.702
3/17/2024 16:00,35.712,12.137
3/17/2024 17:00,32.451,12.625
3/17/2024 18:00,30.478,15.263
3/17/2024 19:00,24.429,24.2
3/17/2024 20:00,20.225,41.929
3/17/2024 21:00,18.509,42.369
3/17/2024 22:00,16.964,43.59
3/17/2024 23:00,18.251,27.033
3/18/2024 0:00,18.466,38.12
3/18/2024 1:00,17.822,38.608
3/18/2024 2:00,16.836,48.181
3/18/2024 3:00,16.664,74.066
3/18/2024 4:00,15.978,79.121
3/18/2024 5:00,15.72,84.078
3/18/2024 6:00,15.592,87.912
3/18/2024 7:00,16.793,84.86
3/18/2024 8:00,18.852,77.753
3/18/2024 9:00,22.627,64.591
3/18/2024 10:00,27.218,46.178
3/18/2024 11:00,32.151,32.186
3/18/2024 12:00,33.524,27.448
3/18/2024 13:00,35.411,22.784
3/18/2024 14:00,34.468,16.825
3/18/2024 15:00,35.411,18.193
3/18/2024 16:00,36.57,14.408
3/18/2024 17:00,33.138,13.968
3/18/2024 18:00,31.722,15.116
3/18/2024 19:00,25.673,26.3
3/18/2024 20:00,21.211,39.463
3/18/2024 21:00,19.882,46.569
3/18/2024 22:00,18.037,50.427
3/18/2024 23:00,16.664,51.893
3/19/2024 0:00,16.021,54.408
3/19/2024 1:00,19.195,40.806
3/19/2024 2:00,20.439,51.429
3/19/2024 3:00,19.882,55.287
3/19/2024 4:00,18.895,60.171
3/19/2024 5:00,19.324,60.708
3/19/2024 6:00,19.495,58.584
3/19/2024 7:00,19.453,59.17
3/19/2024 8:00,21.855,52.454
3/19/2024 9:00,24.172,47.106
3/19/2024 10:00,27.389,40.562
3/19/2024 11:00,31.55,29.402
3/19/2024 12:00,33.052,26.032
3/19/2024 13:00,34.94,20.488
3/19/2024 14:00,34.682,18.877
3/19/2024 15:00,35.883,16.361
3/19/2024 16:00,34.811,17.68
3/19/2024 17:00,30.735,26.496
3/19/2024 18:00,30.349,22.54
3/19/2024 19:00,26.402,33.065
3/19/2024 20:00,23.271,39.976
3/19/2024 21:00,22.413,41.074
3/19/2024 22:00,19.839,52.259
3/19/2024 23:00,18.509,58.266
3/20/2024 0:00,18.981,45.006
3/20/2024 1:00,20.611,45.006
3/20/2024 2:00,19.753,48.84
3/20/2024 3:00,19.238,48.718
3/20/2024 4:00,16.707,57.973
3/20/2024 5:00,14.476,69.646
3/20/2024 6:00,13.575,72.796
3/20/2024 7:00,18.166,55.287
3/20/2024 8:00,19.924,49.206
3/20/2024 9:00,24.257,40.269
3/20/2024 10:00,28.633,37.192
3/20/2024 11:00,32.923,24.982
3/20/2024 12:00,35.626,21.026
3/20/2024 13:00,36.441,16.606
3/20/2024 14:00,35.497,15.458
3/20/2024 15:00,36.227,14.799
3/20/2024 16:00,36.527,15.824
3/20/2024 17:00,31.808,18.779
3/20/2024 18:00,29.491,22.515
3/20/2024 19:00,26.145,32.43
3/20/2024 20:00,26.746,27.009
3/20/2024 21:00,26.617,23.834
3/20/2024 22:00,25.802,24.762
3/20/2024 23:00,24.772,27.326
3/21/2024 0:00,24.601,29.89
3/21/2024 1:00,23.528,50.794
3/21/2024 2:00,22.155,59.438
3/21/2024 3:00,21.426,62.735
3/21/2024 4:00,20.525,67.741
3/21/2024 5:00,20.096,65.446
3/21/2024 6:00,19.839,66.935
3/21/2024 7:00,19.495,70.696
3/21/2024 8:00,20.911,65.201
3/21/2024 9:00,21.34,63.199
3/21/2024 10:00,24.729,50.916
3/21/2024 11:00,30.864,35.995
3/21/2024 12:00,31.979,31.966
3/21/2024 13:00,32.408,31.575
3/21/2024 14:00,33.181,26.96
3/21/2024 15:00,34.253,24.103
3/21/2024 16:00,31.679,23.37
3/21/2024 17:00,30.564,23.468
3/21/2024 18:00,27.947,37.509
3/21/2024 19:00,24.214,49.841
3/21/2024 20:00,23.013,53.284
3/21/2024 21:00,21.984,52.112
3/21/2024 22:00,21.083,54.994
3/21/2024 23:00,20.396,62.711
3/22/2024 0:00,18.637,70.501
3/22/2024 1:00,17.994,71.477
3/22/2024 2:00,17.05,76.337
3/22/2024 3:00,16.149,80.342
3/22/2024 4:00,15.677,82.149
3/22/2024 5:00,15.291,84.908
3/22/2024 6:00,14.776,87.668
3/22/2024 7:00,15.463,85.201
3/22/2024 8:00,18.123,75.165
3/22/2024 9:00,21.64,61.074
3/22/2024 10:00,25.244,49.255
3/22/2024 11:00,28.204,41.905
3/22/2024 12:00,29.534,35.995
3/22/2024 13:00,34.296,26.081
3/22/2024 14:00,33.781,25.69
3/22/2024 15:00,34.511,22.662
3/22/2024 16:00,33.953,24.371
3/22/2024 17:00,30.178,28.742
3/22/2024 18:00,26.274,37.802
3/22/2024 19:00,25.03,36.63
3/22/2024 20:00,24.558,38.437
3/22/2024 21:00,23.785,40.757
3/22/2024 22:00,21.254,49.621
3/22/2024 23:00,20.568,50.672
3/23/2024 0:00,18.981,56.777
3/23/2024 1:00,19.581,55.897
3/23/2024 2:00,20.01,53.993
3/23/2024 3:00,19.066,64.078
3/23/2024 4:00,18.595,70.549
3/23/2024 5:00,17.865,73.529
3/23/2024 6:00,17.393,77.192
3/23/2024 7:00,17.479,78.95
3/23/2024 8:00,19.581,72.65
3/23/2024 9:00,20.697,69.621
3/23/2024 10:00,21.726,65.788
3/23/2024 11:00,23.743,60.928
3/23/2024 12:00,21.34,65.177
3/23/2024 13:00,21.726,60.098
3/23/2024 14:00,22.97,56.825
3/23/2024 15:00,24.472,53.993
3/23/2024 16:00,24.772,42.735
3/23/2024 17:00,23.614,49.475
3/23/2024 18:00,20.911,66.862
3/23/2024 19:00,19.066,77.241
3/23/2024 20:00,19.495,72.234
3/23/2024 21:00,15.549,97.021
3/23/2024 22:00,15.506,98.266
3/23/2024 23:00,15.892,98.706
3/24/2024 0:00,15.763,98.803
3/24/2024 1:00,15.677,96.679
3/24/2024 2:00,16.45,85.543
3/24/2024 3:00,17.05,81.294
3/24/2024 4:00,16.879,80.122
3/24/2024 5:00,16.492,79.756
3/24/2024 6:00,15.978,81.319
3/24/2024 7:00,16.063,80.928
3/24/2024 8:00,17.179,75.238
3/24/2024 9:00,18.981,68.571
3/24/2024 10:00,20.611,63.053
3/24/2024 11:00,23.914,54.457
3/24/2024 12:00,23.871,50.818
3/24/2024 13:00,25.416,45.104
3/24/2024 14:00,27.561,37.851
3/24/2024 15:00,26.66,39.072
3/24/2024 16:00,26.059,40.293
3/24/2024 17:00,25.244,39.805
3/24/2024 18:00,24,41.661
3/24/2024 19:00,20.053,59.023
3/24/2024 20:00,17.694,73.187
3/24/2024 21:00,17.05,75.092
3/24/2024 22:00,20.697,59.072
3/24/2024 23:00,19.967,63.687
3/25/2024 0:00,18.895,68.645
3/25/2024 1:00,18.123,70.916
3/25/2024 2:00,17.565,73.236
3/25/2024 3:00,17.222,73.578
3/25/2024 4:00,16.664,75.018
3/25/2024 5:00,16.278,75.409
3/25/2024 6:00,15.849,76.728
3/25/2024 7:00,16.235,74.408
3/25/2024 8:00,18.08,67.253
3/25/2024 9:00,20.396,58.926
3/25/2024 10:00,23.185,50.354
3/25/2024 11:00,26.96,41.099
3/25/2024 12:00,28.762,37.705
3/25/2024 13:00,29.534,36.825
3/25/2024 14:00,29.834,33.407
3/25/2024 15:00,32.323,29.304
3/25/2024 16:00,28.462,34.066
3/25/2024 17:00,28.676,32.186
3/25/2024 18:00,25.33,40.464
3/25/2024 19:00,21.726,53.48
3/25/2024 20:00,19.753,63.199
3/25/2024 21:00,18.294,69.109
3/25/2024 22:00,21.469,52.479
3/25/2024 23:00,20.997,56.923
3/26/2024 0:00,20.268,61.612
3/26/2024 1:00,19.324,66.496
3/26/2024 2:00,18.809,70.427
3/26/2024 3:00,18.037,73.919
3/26/2024 4:00,17.479,76.752
3/26/2024 5:00,17.136,79.316
3/26/2024 6:00,16.535,82.271
3/26/2024 7:00,16.192,84.103
3/26/2024 8:00,18.466,75.482
3/26/2024 9:00,21.34,64.298
3/26/2024 10:00,24.343,54.481
3/26/2024 11:00,27.046,45.739
3/26/2024 12:00,28.976,41.49
3/26/2024 13:00,28.204,39.121
3/26/2024 14:00,30.349,34.969
3/26/2024 15:00,30.778,33.48
3/26/2024 16:00,25.888,44.127
3/26/2024 17:00,24.515,45.177
3/26/2024 18:00,22.413,53.797
3/26/2024 19:00,21.812,55.092
3/26/2024 20:00,21.254,56.899
3/26/2024 21:00,19.581,63.516
3/26/2024 22:00,17.865,73.114
3/26/2024 23:00,17.436,75.922
3/27/2024 0:00,18.037,74.799
3/27/2024 1:00,18.552,66.642
3/27/2024 2:00,18.037,71.624
3/27/2024 3:00,16.149,82.491
3/27/2024 4:00,14.691,97.338
3/27/2024 5:00,13.79,97.705
3/27/2024 6:00,14.004,96.459
3/27/2024 7:00,14.305,96.19
3/27/2024 8:00,15.248,92.308
3/27/2024 9:00,16.021,91.282
3/27/2024 10:00,17.822,84.689
3/27/2024 11:00,19.152,80.904
3/27/2024 12:00,20.311,76.728
3/27/2024 13:00,21.683,70.183
3/27/2024 14:00,20.439,74.115
3/27/2024 15:00,19.195,77.656
3/27/2024 16:00,17.136,93.675
3/27/2024 17:00,17.093,94.823
3/27/2024 18:00,16.664,95.751
3/27/2024 19:00,16.45,97.802
3/27/2024 20:00,16.45,97.998
3/27/2024 21:00,16.535,97.949
3/27/2024 22:00,16.492,98.022
3/27/2024 23:00,16.407,98.632
3/28/2024 0:00,16.45,98.364
3/28/2024 1:00,16.45,98.999
3/28/2024 2:00,16.106,98.95
3/28/2024 3:00,15.12,99.267
3/28/2024 4:00,14.09,99.56
3/28/2024 5:00,14.09,99.878
3/28/2024 6:00,13.704,100
3/28/2024 7:00,14.347,100
3/28/2024 8:00,16.364,99.585
3/28/2024 9:00,18.981,87.302
3/28/2024 10:00,22.241,65.372
3/28/2024 11:00,24.257,54.383
3/28/2024 12:00,25.888,47.204
3/28/2024 13:00,25.373,46.398
3/28/2024 14:00,29.019,37.045
3/28/2024 15:00,26.874,37.802
3/28/2024 16:00,26.617,34.921
3/28/2024 17:00,25.502,35.702
3/28/2024 18:00,24,38.486
3/28/2024 19:00,20.911,49.182
3/28/2024 20:00,18.38,60.244
3/28/2024 21:00,16.021,73.651
3/28/2024 22:00,14.819,76.459
3/28/2024 23:00,14.176,80.879
3/29/2024 0:00,13.017,84.396
3/29/2024 1:00,12.588,86.3
3/29/2024 2:00,11.988,87.546
3/29/2024 3:00,11.859,87.839
3/29/2024 4:00,10.83,89.133
3/29/2024 5:00,10.872,90.672
3/29/2024 6:00,9.886,92.357
3/29/2024 7:00,10.143,94.896
3/29/2024 8:00,16.321,71.306
3/29/2024 9:00,21.126,51.722
3/29/2024 10:00,24.944,38.388
3/29/2024 11:00,28.805,24.078
3/29/2024 12:00,28.676,24.298
3/29/2024 13:00,30.907,20.147
3/29/2024 14:00,31.079,18.974
3/29/2024 15:00,31.079,17.851
3/29/2024 16:00,31.164,19.56
3/29/2024 17:00,27.046,24.005
3/29/2024 18:00,24.086,30.452
3/29/2024 19:00,19.796,41.807
3/29/2024 20:00,16.793,55.751
3/29/2024 21:00,16.964,54.652
3/29/2024 22:00,15.12,62.833
3/29/2024 23:00,13.704,71.624
3/30/2024 0:00,12.803,75.287
3/30/2024 1:00,12.588,79.512
3/30/2024 2:00,11.988,82.564
3/30/2024 3:00,13.189,72.479
3/30/2024 4:00,13.618,83.663
3/30/2024 5:00,15.634,83.223
3/30/2024 6:00,15.205,87.448
3/30/2024 7:00,15.549,87.033
3/30/2024 8:00,17.994,76.532
3/30/2024 9:00,20.868,66.691
3/30/2024 10:00,23.7,55.678
3/30/2024 11:00,27.904,45.519
3/30/2024 12:00,28.762,36.288
3/30/2024 13:00,28.204,35.995
3/30/2024 14:00,30.135,29.035
3/30/2024 15:00,31.851,29.988
3/30/2024 16:00,32.151,24.762
3/30/2024 17:00,26.917,31.087
3/30/2024 18:00,23.785,38.779
3/30/2024 19:00,19.71,54.652
3/30/2024 20:00,17.822,61.441
3/30/2024 21:00,16.364,67.863
3/30/2024 22:00,17.007,64.64
3/30/2024 23:00,20.01,61.294
3/31/2024 0:00,19.238,65.836
3/31/2024 1:00,18.037,73.114
3/31/2024 2:00,16.836,76.459
3/31/2024 3:00,16.45,78.046
3/31/2024 4:00,15.034,84.762
3/31/2024 5:00,14.948,83.956
3/31/2024 6:00,14.047,88.474
3/31/2024 7:00,15.205,87.302
3/31/2024 8:00,18.166,77.656
3/31/2024 9:00,21.04,66.935
3/31/2024 10:00,24.429,52.527
3/31/2024 11:00,26.703,46.398
3/31/2024 12:00,27.089,46.349
3/31/2024 13:00,27.904,43.419
3/31/2024 14:00,26.402,46.007
3/31/2024 15:00,25.158,42.833
3/31/2024 16:00,23.271,54.042
3/31/2024 17:00,23.528,58.437
3/31/2024 18:00,22.198,58.95
3/31/2024 19:00,19.924,69.915
3/31/2024 20:00,20.697,62.442
3/31/2024 21:00,19.109,70.183
3/31/2024 22:00,18.68,74.335
3/31/2024 23:00,17.436,79.341
4/1/2024 0:00,16.235,84.054
4/1/2024 1:00,15.205,89.597
4/1/2024 2:00,14.862,89.231
4/1/2024 3:00,14.819,89.573
4/1/2024 4:00,15.291,89.084
4/1/2024 5:00,17.093,81.368
4/1/2024 6:00,15.978,94.676
4/1/2024 7:00,15.806,97.118
4/1/2024 8:00,16.235,95.287
4/1/2024 9:00,18.809,83.15
4/1/2024 10:00,20.482,72.479
4/1/2024 11:00,21.812,66.447
4/1/2024 12:00,23.442,56.923
4/1/2024 13:00,25.459,50.159
4/1/2024 14:00,27.26,45.47
4/1/2024 15:00,25.802,44.249
4/1/2024 16:00,23.614,49.548
4/1/2024 17:00,21.855,62.393
4/1/2024 18:00,20.482,65.421
4/1/2024 19:00,19.324,69.67
4/1/2024 20:00,18.466,72.479
4/1/2024 21:00,17.737,77.729
4/1/2024 22:00,17.35,75.116
4/1/2024 23:00,15.592,82.857
4/2/2024 0:00,14.648,90.305
4/2/2024 1:00,16.021,85.372
4/2/2024 2:00,14.819,89.206
4/2/2024 3:00,13.79,93.114
4/2/2024 4:00,13.833,90.672
4/2/2024 5:00,13.446,91.722
4/2/2024 6:00,13.876,92.43
4/2/2024 7:00,13.833,92.821
4/2/2024 8:00,17.093,78.217
4/2/2024 9:00,20.74,62.979
4/2/2024 10:00,24.944,49.255
4/2/2024 11:00,28.204,40.855
4/2/2024 12:00,27.475,38.999
4/2/2024 13:00,26.145,48.913
4/2/2024 14:00,27.432,40.611
4/2/2024 15:00,31.25,31.624
4/2/2024 16:00,29.792,31.355
4/2/2024 17:00,26.488,38.022
4/2/2024 18:00,24.601,43.712
4/2/2024 19:00,21.855,50.647
4/2/2024 20:00,19.667,62.662
4/2/2024 21:00,17.651,72.723
4/2/2024 22:00,16.75,77.363
4/2/2024 23:00,16.793,74.115
4/3/2024 0:00,15.72,80.44
4/3/2024 1:00,15.42,82.051
4/3/2024 2:00,14.691,84.737
4/3/2024 3:00,14.476,83.834
4/3/2024 4:00,14.305,84.42
4/3/2024 5:00,15.849,76.361
4/3/2024 6:00,14.433,86.105
4/3/2024 7:00,16.021,77.363
4/3/2024 8:00,18.981,68.23
4/3/2024 9:00,20.439,65.47
4/3/2024 10:00,22.413,59.878
4/3/2024 11:00,22.498,59.194
4/3/2024 12:00,22.842,56.947
4/3/2024 13:00,20.868,63.883
4/3/2024 14:00,20.697,63.15
4/3/2024 15:00,20.225,63.419
4/3/2024 16:00,20.01,59.219
4/3/2024 17:00,19.367,67.155
4/3/2024 18:00,18.251,68.278
4/3/2024 19:00,16.149,84.835
4/3/2024 20:00,15.377,89.915
4/3/2024 21:00,15.034,93.26
4/3/2024 22:00,14.776,94.872
4/3/2024 23:00,14.905,95.8
4/4/2024 0:00,14.39,98.657
4/4/2024 1:00,14.047,98.974
4/4/2024 2:00,14.09,99.243
4/4/2024 3:00,13.961,99.389
4/4/2024 4:00,14.133,99.536
4/4/2024 5:00,14.047,99.585
4/4/2024 6:00,14.176,99.658
4/4/2024 7:00,14.133,99.707
4/4/2024 8:00,15.12,98.974
4/4/2024 9:00,16.45,92.674
4/4/2024 10:00,18.595,80.562
4/4/2024 11:00,23.056,63.736
4/4/2024 12:00,21.426,66.52
4/4/2024 13:00,22.112,63.907
4/4/2024 14:00,25.373,54.017
4/4/2024 15:00,25.502,51.99
4/4/2024 16:00,28.033,40.855
4/4/2024 17:00,22.155,57.363
4/4/2024 18:00,19.667,69.28
4/4/2024 19:00,16.535,86.789
4/4/2024 20:00,15.42,92.137
4/4/2024 21:00,14.734,93.748
4/4/2024 22:00,14.176,95.849
4/4/2024 23:00,13.747,96.972
4/5/2024 0:00,13.06,97.949
4/5/2024 1:00,12.631,98.266
4/5/2024 2:00,12.417,98.779
4/5/2024 3:00,11.945,98.803
4/5/2024 4:00,11.816,99.072
4/5/2024 5:00,11.516,99.316
4/5/2024 6:00,11.645,99.536
4/5/2024 7:00,11.73,99.585
4/5/2024 8:00,14.991,97.216
4/5/2024 9:00,19.195,80.195
4/5/2024 10:00,23.142,63.492
4/5/2024 11:00,27.647,43.37
4/5/2024 12:00,27.175,42.979
4/5/2024 13:00,29.749,30.94
4/5/2024 14:00,31.079,30.476
4/5/2024 15:00,23.743,48.254
4/5/2024 16:00,28.891,31.941
4/5/2024 17:00,23.571,42.466
4/5/2024 18:00,20.396,55.702
4/5/2024 19:00,18.38,67.79
4/5/2024 20:00,17.093,72.821
4/5/2024 21:00,16.793,70.379
4/5/2024 22:00,16.278,71.551
4/5/2024 23:00,16.535,69.451
4/6/2024 0:00,16.063,72.063
4/6/2024 1:00,16.063,77.582
4/6/2024 2:00,14.39,95.287
4/6/2024 3:00,14.176,95.067
4/6/2024 4:00,14.133,95.482
4/6/2024 5:00,14.476,93.944
4/6/2024 6:00,14.133,94.383
4/6/2024 7:00,14.305,93.602
4/6/2024 8:00,16.149,86.056
4/6/2024 9:00,19.109,72.161
4/6/2024 10:00,22.498,60.757
4/6/2024 11:00,25.416,49.792
4/6/2024 12:00,27.904,43.272
4/6/2024 13:00,29.105,37.167
4/6/2024 14:00,24.601,43.248
4/6/2024 15:00,15.12,91.404
4/6/2024 16:00,15.634,88.694
4/6/2024 17:00,17.951,84.127
4/6/2024 18:00,17.865,72.259
4/6/2024 19:00,18.166,60.317
4/6/2024 20:00,17.608,68.864
4/6/2024 21:00,17.436,72.161
4/6/2024 22:00,16.793,74.261
4/6/2024 23:00,16.278,76.557
4/7/2024 0:00,15.978,75.922
4/7/2024 1:00,15.291,78.242
4/7/2024 2:00,15.205,80.391
4/7/2024 3:00,15.334,81.88
4/7/2024 4:00,15.377,81.783
4/7/2024 5:00,15.291,82.711
4/7/2024 6:00,15.077,82.882
4/7/2024 7:00,15.72,79.316
4/7/2024 8:00,16.879,74.652
4/7/2024 9:00,16.578,75.751
4/7/2024 10:00,16.321,78.339
4/7/2024 11:00,15.377,91.624
4/7/2024 12:00,15.205,96.85
4/7/2024 13:00,15.163,97.656
4/7/2024 14:00,15.634,97.631
4/7/2024 15:00,18.251,85.495
4/7/2024 16:00,17.737,81.758
4/7/2024 17:00,17.308,80.781
4/7/2024 18:00,16.407,82.027
4/7/2024 19:00,15.291,89.573
4/7/2024 20:00,13.961,96.508
4/7/2024 21:00,13.532,98.584
4/7/2024 22:00,13.318,98.974
4/7/2024 23:00,13.189,99.17
4/8/2024 0:00,13.103,99.341
4/8/2024 1:00,13.06,99.365
4/8/2024 2:00,13.103,99.463
4/8/2024 3:00,13.017,99.707
4/8/2024 4:00,13.275,99.756
4/8/2024 5:00,13.361,99.756
4/8/2024 6:00,13.446,99.536
4/8/2024 7:00,13.79,98.657
4/8/2024 8:00,13.661,99.341
4/8/2024 9:00,13.575,99.878
4/8/2024 10:00,13.661,100
4/8/2024 11:00,13.79,99.976
4/8/2024 12:00,14.691,99.853
4/8/2024 13:00,16.021,98.657
4/8/2024 14:00,16.921,95.629
4/8/2024 15:00,16.879,99.341
4/8/2024 16:00,16.621,98.071
4/8/2024 17:00,17.05,96.239
4/8/2024 18:00,15.377,99.463
4/8/2024 19:00,13.661,100
4/8/2024 20:00,14.09,99.878
4/8/2024 21:00,14.305,99.756
4/8/2024 22:00,12.846,99.78
4/8/2024 23:00,11.988,99.853
4/9/2024 0:00,9.8,99.927
4/9/2024 1:00,8.256,99.976
4/9/2024 2:00,7.784,100
4/9/2024 3:00,7.226,100
4/9/2024 4:00,6.969,100
4/9/2024 5:00,6.497,100
4/9/2024 6:00,6.454,100
4/9/2024 7:00,7.054,100
4/9/2024 8:00,10.744,94.725
4/9/2024 9:00,11.173,88.23
4/9/2024 10:00,12.331,81.123
4/9/2024 11:00,16.664,54.164
4/9/2024 12:00,18.037,46.911
4/9/2024 13:00,16.707,53.455
4/9/2024 14:00,19.238,43.321
4/9/2024 15:00,18.294,44.469
4/9/2024 16:00,15.935,53.358
4/9/2024 17:00,14.948,58.828
4/9/2024 18:00,14.262,62.833
4/9/2024 19:00,11.73,76.825
4/9/2024 20:00,12.331,73.578
4/9/2024 21:00,11.988,75.458
4/9/2024 22:00,11.43,79.463
4/9/2024 23:00,9.8,86.593
4/10/2024 0:00,11.173,81.416
4/10/2024 1:00,10.486,86.691
4/10/2024 2:00,10.057,90.72
4/10/2024 3:00,9.843,92.283
4/10/2024 4:00,9.543,93.04
4/10/2024 5:00,9.114,94.286
4/10/2024 6:00,8.513,94.31
4/10/2024 7:00,8.256,85.226
4/10/2024 8:00,9.886,76.899
4/10/2024 9:00,12.159,68.278
4/10/2024 10:00,16.063,54.628
4/10/2024 11:00,20.182,39.365
4/10/2024 12:00,23.099,32.43
4/10/2024 13:00,24.858,27.009
4/10/2024 14:00,26.188,25.104
4/10/2024 15:00,25.673,23.004
4/10/2024 16:00,26.016,24.567
4/10/2024 17:00,19.367,34.994
4/10/2024 18:00,17.179,42.882
4/10/2024 19:00,14.948,53.504
4/10/2024 20:00,13.232,58.437
4/10/2024 21:00,13.79,56.85
4/10/2024 22:00,12.975,63.321
4/10/2024 23:00,11.988,67.888
4/11/2024 0:00,10.958,74.847
4/11/2024 1:00,9.714,79.707
4/11/2024 2:00,9.328,81.734
4/11/2024 3:00,9.242,81.27
4/11/2024 4:00,8.642,84.225
4/11/2024 5:00,8.17,86.52
4/11/2024 6:00,7.741,86.716
4/11/2024 7:00,7.741,83.639
4/11/2024 8:00,9.628,75.922
4/11/2024 9:00,12.202,67.961
4/11/2024 10:00,17.05,54.921
4/11/2024 11:00,19.839,43.468
4/11/2024 12:00,22.885,38.437
4/11/2024 13:00,23.185,34.701
4/11/2024 14:00,25.115,30.891
4/11/2024 15:00,25.158,27.766
4/11/2024 16:00,26.102,23.37
4/11/2024 17:00,19.839,26.886
4/11/2024 18:00,16.921,28.669
4/11/2024 19:00,14.433,32.259
4/11/2024 20:00,12.674,39.756
4/11/2024 21:00,11.259,42.002
4/11/2024 22:00,9.8,47.961
4/11/2024 23:00,8.727,59.609
4/12/2024 0:00,7.612,64.664
4/12/2024 1:00,6.797,68.791
4/12/2024 2:00,6.239,72.137
4/12/2024 3:00,5.939,73.26
4/12/2024 4:00,6.196,71.722
4/12/2024 5:00,5.081,77.216
4/12/2024 6:00,4.609,79.878
4/12/2024 7:00,5.639,76.581
4/12/2024 8:00,9.285,67.424
4/12/2024 9:00,13.575,64.884
4/12/2024 10:00,17.908,54.359
4/12/2024 11:00,22.799,43.175
4/12/2024 12:00,24.429,36.459
4/12/2024 13:00,22.627,38.584
4/12/2024 14:00,25.201,30.33
4/12/2024 15:00,25.544,30.305
4/12/2024 16:00,24.944,27.155
4/12/2024 17:00,20.225,35.604
4/12/2024 18:00,17.865,44.225
4/12/2024 19:00,12.932,71.502
4/12/2024 20:00,11.087,79.878
4/12/2024 21:00,9.929,85.201
4/12/2024 22:00,8.899,86.789
4/12/2024 23:00,8.084,89.597
4/13/2024 0:00,7.612,91.893
4/13/2024 1:00,7.054,92.576
4/13/2024 2:00,8.556,84.518
4/13/2024 3:00,6.926,93.431
4/13/2024 4:00,6.368,94.53
4/13/2024 5:00,6.068,96.508
4/13/2024 6:00,6.196,97.509
4/13/2024 7:00,7.097,97.411
4/13/2024 8:00,11.773,79.927
4/13/2024 9:00,16.021,71.941
4/13/2024 10:00,18.466,60.464
4/13/2024 11:00,21.726,49.719
4/13/2024 12:00,24.772,41.172
4/13/2024 13:00,23.485,43.736
4/13/2024 14:00,26.617,31.893
4/13/2024 15:00,27.604,28.181
4/13/2024 16:00,25.63,31.355
4/13/2024 17:00,21.769,37.46
4/13/2024 18:00,17.865,50.012
4/13/2024 19:00,14.09,65.958
4/13/2024 20:00,12.631,78.095
4/13/2024 21:00,11.602,78.877
4/13/2024 22:00,11.516,82.564
4/13/2024 23:00,14.734,67.204
4/14/2024 0:00,14.39,71.966
4/14/2024 1:00,14.948,72.43
4/14/2024 2:00,13.275,82.979
4/14/2024 3:00,12.889,83.785
4/14/2024 4:00,12.288,84.396
4/14/2024 5:00,14.09,71.893
4/14/2024 6:00,11.216,97.558
4/14/2024 7:00,11.001,98.022
4/14/2024 8:00,11.602,98.144
4/14/2024 9:00,12.159,98.071
4/14/2024 10:00,12.117,95.946
4/14/2024 11:00,13.918,84.396
4/14/2024 12:00,12.717,93.626
4/14/2024 13:00,14.905,89.06
4/14/2024 14:00,20.182,64.322
4/14/2024 15:00,19.238,67.863
4/14/2024 16:00,20.74,61.538
4/14/2024 17:00,17.436,72.503
4/14/2024 18:00,16.021,72.65
4/14/2024 19:00,15.377,75.092
4/14/2024 20:00,14.691,77.216
4/14/2024 21:00,12.588,96.63
4/14/2024 22:00,12.159,97.924
4/14/2024 23:00,11.816,98.266
4/15/2024 0:00,11.73,98.486
4/15/2024 1:00,11.73,98.632
4/15/2024 2:00,11.602,98.608
4/15/2024 3:00,11.73,98.559
4/15/2024 4:00,11.602,98.462
4/15/2024 5:00,11.688,98.291
4/15/2024 6:00,11.73,98.144
4/15/2024 7:00,11.602,97.924
4/15/2024 8:00,12.631,97.558
4/15/2024 9:00,14.648,93.358
4/15/2024 10:00,19.066,65.91
4/15/2024 11:00,23.271,49.158
4/15/2024 12:00,24.686,45.25
4/15/2024 13:00,22.069,51.6
4/15/2024 14:00,19.024,64.493
4/15/2024 15:00,16.75,85.641
4/15/2024 16:00,22.241,52.088
4/15/2024 17:00,16.321,78.657
4/15/2024 18:00,15.205,82.906
4/15/2024 19:00,14.862,83.932
4/15/2024 20:00,14.605,80.781
4/15/2024 21:00,14.047,83.858
4/15/2024 22:00,13.704,89.328
4/15/2024 23:00,14.433,82.002
4/16/2024 0:00,14.133,84.664
4/16/2024 1:00,13.446,87.79
4/16/2024 2:00,11.602,95.653
4/16/2024 3:00,10.958,96.923
4/16/2024 4:00,10.701,96.459
4/16/2024 5:00,10.486,97.411
4/16/2024 6:00,9.972,97.558
4/16/2024 7:00,12.202,90.794
4/16/2024 8:00,14.519,81.074
4/16/2024 9:00,15.592,77.216
4/16/2024 10:00,19.581,64.542
4/16/2024 11:00,21.426,54.481
4/16/2024 12:00,24.129,45.177
4/16/2024 13:00,24.987,40.904
4/16/2024 14:00,26.231,37.265
4/16/2024 15:00,24.257,42.466
4/16/2024 16:00,25.587,39.267
4/16/2024 17:00,21.426,47.863
4/16/2024 18:00,18.294,60.977
4/16/2024 19:00,17.35,69.206
4/16/2024 20:00,13.404,96.728
4/16/2024 21:00,12.803,97.363
4/16/2024 22:00,12.717,97.558
4/16/2024 23:00,12.588,97.631
4/17/2024 0:00,12.503,98.266
4/17/2024 1:00,12.546,98.217
4/17/2024 2:00,12.417,98.217
4/17/2024 3:00,12.374,98.095
4/17/2024 4:00,12.546,98.12
4/17/2024 5:00,12.417,98.193
4/17/2024 6:00,12.374,98.217
4/17/2024 7:00,12.417,98.315
4/17/2024 8:00,13.318,97.338
4/17/2024 9:00,14.605,93.26
4/17/2024 10:00,16.149,78.632
4/17/2024 11:00,17.779,70.842
4/17/2024 12:00,18.637,77.949
4/17/2024 13:00,16.235,82.442
4/17/2024 14:00,19.924,66.935
4/17/2024 15:00,25.115,48.913
4/17/2024 16:00,19.882,63.223
4/17/2024 17:00,17.522,72.381
4/17/2024 18:00,14.948,84.029
4/17/2024 19:00,13.189,93.675
4/17/2024 20:00,12.117,95.556
4/17/2024 21:00,11.516,95.189
4/17/2024 22:00,10.83,97.094
4/17/2024 23:00,10.229,97.631
4/18/2024 0:00,9.886,97.998
4/18/2024 1:00,9.714,98.217
4/18/2024 2:00,9.628,98.364
4/18/2024 3:00,9.371,98.437
4/18/2024 4:00,9.285,98.51
4/18/2024 5:00,8.341,98.632
4/18/2024 6:00,8.513,98.681
4/18/2024 7:00,8.685,98.779
4/18/2024 8:00,12.159,98.315
4/18/2024 9:00,16.149,80.391
4/18/2024 10:00,19.538,66.764
4/18/2024 11:00,24.429,47.302
4/18/2024 12:00,23.914,45.69
4/18/2024 13:00,29.534,32.576
4/18/2024 14:00,25.759,38.144
4/18/2024 15:00,24.386,42.833
4/18/2024 16:00,24.214,44.86
4/18/2024 17:00,19.238,61.88
4/18/2024 18:00,17.265,72.796
4/18/2024 19:00,14.09,87.326
4/18/2024 20:00,12.846,91.99
4/18/2024 21:00,12.074,93.895
4/18/2024 22:00,11.473,93.7
4/18/2024 23:00,11.044,94.896
4/19/2024 0:00,10.529,96.215
4/19/2024 1:00,10.057,96.654
4/19/2024 2:00,9.5,97.436
4/19/2024 3:00,8.899,96.85
4/19/2024 4:00,8.813,97.729
4/19/2024 5:00,8.256,97.778
4/19/2024 6:00,8.041,98.071
4/19/2024 7:00,8.213,98.462
4/19/2024 8:00,12.202,92.723
4/19/2024 9:00,17.522,70.452
4/19/2024 10:00,21.211,53.968
4/19/2024 11:00,23.7,45.348
4/19/2024 12:00,27.046,35.043
4/19/2024 13:00,29.963,25.446
4/19/2024 14:00,29.663,32.112
4/19/2024 15:00,29.963,26.374
4/19/2024 16:00,30.907,24.127
4/19/2024 17:00,23.528,40.244
4/19/2024 18:00,19.024,61.612
4/19/2024 19:00,15.763,79.023
4/19/2024 20:00,14.262,85.275
4/19/2024 21:00,13.06,88.791
4/19/2024 22:00,12.631,89.866
4/19/2024 23:00,11.902,92.161
4/20/2024 0:00,11.559,92.796
4/20/2024 1:00,11.301,91.746
4/20/2024 2:00,10.229,94.676
4/20/2024 3:00,9.585,96.728
4/20/2024 4:00,9.028,96.508
4/20/2024 5:00,8.513,97.045
4/20/2024 6:00,8.127,96.972
4/20/2024 7:00,8.256,97.729
4/20/2024 8:00,11.645,94.066
4/20/2024 9:00,18.294,68.864
4/20/2024 10:00,22.799,51.111
4/20/2024 11:00,26.402,40.269
4/20/2024 12:00,28.762,32.259
4/20/2024 13:00,28.805,31.795
4/20/2024 14:00,30.993,30.647
4/20/2024 15:00,30.993,28.767
4/20/2024 16:00,29.92,28.669
4/20/2024 17:00,24.901,38.755
4/20/2024 18:00,19.882,61.905
4/20/2024 19:00,16.664,77.68
4/20/2024 20:00,15.034,82.857
4/20/2024 21:00,14.047,85.983
4/20/2024 22:00,13.489,86.764
4/20/2024 23:00,12.932,88.034
4/21/2024 0:00,12.374,89.988
4/21/2024 1:00,11.602,94.188
4/21/2024 2:00,11.259,93.626
4/21/2024 3:00,10.701,95.165
4/21/2024 4:00,10.486,96.093
4/21/2024 5:00,9.757,96.459
4/21/2024 6:00,9.628,96.239
4/21/2024 7:00,9.543,97.411
4/21/2024 8:00,12.975,89.597
4/21/2024 9:00,19.195,62.222
4/21/2024 10:00,23.442,46.129
4/21/2024 11:00,28.076,29.377
4/21/2024 12:00,28.976,27.668
4/21/2024 13:00,31.379,29.621
4/21/2024 14:00,32.752,21.368
4/21/2024 15:00,33.224,19.609
4/21/2024 16:00,32.709,23.223
4/21/2024 17:00,26.274,28.083
4/21/2024 18:00,20.439,48.156
4/21/2024 19:00,16.836,63.394
4/21/2024 20:00,15.978,64.371
4/21/2024 21:00,14.819,69.768
4/21/2024 22:00,14.262,71.551
4/21/2024 23:00,13.489,73.993
4/22/2024 0:00,12.245,78.828
4/22/2024 1:00,12.117,80.611
4/22/2024 2:00,13.618,67.179
4/22/2024 3:00,11.43,80.879
4/22/2024 4:00,10.701,82.393
4/22/2024 5:00,11.001,81.612
4/22/2024 6:00,10.443,87.057
4/22/2024 7:00,10.272,85.934
4/22/2024 8:00,16.535,59.145
4/22/2024 9:00,19.967,47.228
4/22/2024 10:00,24.172,41.172
4/22/2024 11:00,27.089,32.967
4/22/2024 12:00,28.976,28.083
4/22/2024 13:00,30.092,24.615
4/22/2024 14:00,29.663,24.933
4/22/2024 15:00,29.877,25.421
4/22/2024 16:00,28.762,28.62
4/22/2024 17:00,25.244,36.679
4/22/2024 18:00,20.74,51.038
4/22/2024 19:00,18.251,63.394
4/22/2024 20:00,16.793,68.791
4/22/2024 21:00,15.592,76.215
4/22/2024 22:00,14.305,81.392
4/22/2024 23:00,13.146,82.466
4/23/2024 0:00,12.202,85.69
4/23/2024 1:00,11.859,87.277
4/23/2024 2:00,11.044,88.889
4/23/2024 3:00,10.486,91.355
4/23/2024 4:00,9.714,93.236
4/23/2024 5:00,9.285,93.602
4/23/2024 6:00,8.813,94.945
4/23/2024 7:00,8.813,96.02
4/23/2024 8:00,13.833,81.783
4/23/2024 9:00,19.324,60.806
4/23/2024 10:00,25.115,37.705
4/23/2024 11:00,27.818,25.934
4/23/2024 12:00,30.306,24.054
4/23/2024 13:00,30.306,24.347
4/23/2024 14:00,29.706,25.006
4/23/2024 15:00,30.607,21.954
4/23/2024 16:00,29.405,25.763
4/23/2024 17:00,25.459,32.039
4/23/2024 18:00,20.568,49.402
4/23/2024 19:00,16.793,65.25
4/23/2024 20:00,15.634,67.082
4/23/2024 21:00,14.562,69.646
4/23/2024 22:00,13.446,75.385
4/23/2024 23:00,13.361,75.531
4/24/2024 0:00,12.674,78.755
4/24/2024 1:00,11.73,85.153
4/24/2024 2:00,11.087,87.839
4/24/2024 3:00,10.443,89.231
4/24/2024 4:00,9.328,90.574
4/24/2024 5:00,8.513,93.773
4/24/2024 6:00,7.912,94.676
4/24/2024 7:00,7.869,93.284
4/24/2024 8:00,12.288,82.125
4/24/2024 9:00,18.595,58.926
4/24/2024 10:00,24.686,31.648
4/24/2024 11:00,27.775,21.563
4/24/2024 12:00,28.333,24.591
4/24/2024 13:00,28.719,24.933
4/24/2024 14:00,29.749,22.808
4/24/2024 15:00,29.963,20.537
4/24/2024 16:00,29.105,19.805
4/24/2024 17:00,26.016,25.055
4/24/2024 18:00,20.525,42.198
4/24/2024 19:00,16.921,61.27
4/24/2024 20:00,17.479,60.879
4/24/2024 21:00,17.436,63.614
4/24/2024 22:00,16.321,70.794
4/24/2024 23:00,14.948,73.797
4/25/2024 0:00,13.618,75.14
4/25/2024 1:00,12.417,79.902
4/25/2024 2:00,11.559,81.05
4/25/2024 3:00,10.744,83.15
4/25/2024 4:00,9.972,85.348
4/25/2024 5:00,9.886,86.911
4/25/2024 6:00,9.285,88.962
4/25/2024 7:00,9.071,89.255
4/25/2024 8:00,13.575,73.993
4/25/2024 9:00,18.166,57.509
4/25/2024 10:00,24.3,39.805
4/25/2024 11:00,28.376,24.274
4/25/2024 12:00,29.363,18.681
4/25/2024 13:00,29.277,19.219
4/25/2024 14:00,29.749,19.487
4/25/2024 15:00,30.092,20.244
4/25/2024 16:00,28.719,19.121
4/25/2024 17:00,25.416,24.493
4/25/2024 18:00,19.41,44.103
4/25/2024 19:00,16.364,60.464
4/25/2024 20:00,14.519,64.835
4/25/2024 21:00,13.103,72.405
4/25/2024 22:00,12.417,75.507
4/25/2024 23:00,11.902,75.971
4/26/2024 0:00,11.301,77.68
4/26/2024 1:00,10.486,79.878
4/26/2024 2:00,9.628,82.442
4/26/2024 3:00,9.285,84.176
4/26/2024 4:00,8.899,82.173
4/26/2024 5:00,8.685,82.076
4/26/2024 6:00,7.612,86.667
4/26/2024 7:00,7.526,86.74
4/26/2024 8:00,13.318,66.398
4/26/2024 9:00,15.334,63.907
4/26/2024 10:00,19.538,52.552
4/26/2024 11:00,24.257,36.484
4/26/2024 12:00,27.175,29.426
4/26/2024 13:00,28.762,26.032
4/26/2024 14:00,30.907,20.488
4/26/2024 15:00,31.851,18.584
4/26/2024 16:00,30.178,20.879
4/26/2024 17:00,23.528,27.57
4/26/2024 18:00,18.552,45.861
4/26/2024 19:00,14.862,65.983
4/26/2024 20:00,17.35,48.962
4/26/2024 21:00,15.677,53.724
4/26/2024 22:00,14.047,59.829
4/26/2024 23:00,13.06,65.25
4/27/2024 0:00,13.404,63.37
4/27/2024 1:00,11.773,70.842
4/27/2024 2:00,12.588,81.197
4/27/2024 3:00,12.117,88.523
4/27/2024 4:00,11.859,90.379
4/27/2024 5:00,11.902,90.525
4/27/2024 6:00,12.417,87.033
4/27/2024 7:00,12.46,86.618
4/27/2024 8:00,13.961,80.562
4/27/2024 9:00,16.492,72.234
4/27/2024 10:00,19.152,62.198
4/27/2024 11:00,23.485,50.159
4/27/2024 12:00,25.03,45.934
4/27/2024 13:00,26.274,44.86
4/27/2024 14:00,27.99,39.634
4/27/2024 15:00,28.848,37.338
4/27/2024 16:00,27.689,37.973
4/27/2024 17:00,22.413,50.427
4/27/2024 18:00,19.581,60.781
4/27/2024 19:00,19.839,57.973
4/27/2024 20:00,18.809,61.026
4/27/2024 21:00,18.208,62.271
4/27/2024 22:00,17.694,63.59
4/27/2024 23:00,17.522,62.808
4/28/2024 0:00,17.093,65.372
4/28/2024 1:00,14.905,76.581
4/28/2024 2:00,14.476,77.998
4/28/2024 3:00,13.918,82.979
4/28/2024 4:00,13.103,84.42
4/28/2024 5:00,13.961,72.21
4/28/2024 6:00,12.975,76.923
4/28/2024 7:00,13.275,75.8
4/28/2024 8:00,13.918,74.017
4/28/2024 9:00,15.463,70.72
4/28/2024 10:00,17.565,67.277
4/28/2024 11:00,19.195,64.103
4/28/2024 12:00,22.498,49.963
4/28/2024 13:00,23.099,50.427
4/28/2024 14:00,25.673,41.563
4/28/2024 15:00,24.815,43.077
4/28/2024 16:00,25.33,40.415
4/28/2024 17:00,20.74,55.018
4/28/2024 18:00,18.38,68.547
4/28/2024 19:00,18.637,66.545
4/28/2024 20:00,18.38,63.272
4/28/2024 21:00,17.951,62.735
4/28/2024 22:00,16.793,66.642
4/28/2024 23:00,14.519,76.459
4/29/2024 0:00,13.833,79.707
4/29/2024 1:00,14.433,75.775
4/29/2024 2:00,14.519,74.823
4/29/2024 3:00,13.575,79.121
4/29/2024 4:00,12.717,81.636
4/29/2024 5:00,12.46,82.686
4/29/2024 6:00,12.503,82.222
4/29/2024 7:00,12.202,82.833
4/29/2024 8:00,14.047,74.896
4/29/2024 9:00,16.664,64.884
4/29/2024 10:00,19.924,55.849
4/29/2024 11:00,25.802,37.509
4/29/2024 12:00,28.376,35.14
4/29/2024 13:00,28.547,30.72
4/29/2024 14:00,28.505,32.015
4/29/2024 15:00,25.115,41.221
4/29/2024 16:00,26.188,33.04
4/29/2024 17:00,22.284,43.687
4/29/2024 18:00,20.268,48.864
4/29/2024 19:00,19.109,55.238
4/29/2024 20:00,18.337,57.778
4/29/2024 21:00,18.294,57.021
4/29/2024 22:00,17.565,59.78
4/29/2024 23:00,17.136,61.465
4/30/2024 0:00,16.321,65.91
4/30/2024 1:00,15.42,69.573
4/30/2024 2:00,14.176,75.018
4/30/2024 3:00,13.189,79.487
4/30/2024 4:00,12.889,80.415
4/30/2024 5:00,11.387,87.106
4/30/2024 6:00,10.615,89.621
4/30/2024 7:00,10.057,91.087
4/30/2024 8:00,14.004,79.365
4/30/2024 9:00,17.951,58.193
4/30/2024 10:00,20.911,48.596
4/30/2024 11:00,24.214,40.024
4/30/2024 12:00,25.03,38.095
4/30/2024 13:00,26.703,30.598
4/30/2024 14:00,29.534,26.252
4/30/2024 15:00,29.92,25.446
4/30/2024 16:00,28.419,24.542
4/30/2024 17:00,24.3,32.845
4/30/2024 18:00,18.852,51.331
4/30/2024 19:00,16.921,58.364
4/30/2024 20:00,15.763,60.928
4/30/2024 21:00,17.865,47.985
4/30/2024 22:00,19.109,44.811
4/30/2024 23:00,18.552,45.665
5/1/2024 0:00,17.565,51.673
5/1/2024 1:00,17.05,53.993
5/1/2024 2:00,15.677,61.245
5/1/2024 3:00,13.06,72.552
5/1/2024 4:00,11.859,79.414
5/1/2024 5:00,11.301,81.685
5/1/2024 6:00,10.401,85.714
5/1/2024 7:00,10.1,87.057
5/1/2024 8:00,13.275,75.849
5/1/2024 9:00,18.723,55.287
5/1/2024 10:00,22.413,44.396
5/1/2024 11:00,25.802,35.36
5/1/2024 12:00,26.746,29.499
5/1/2024 13:00,27.175,29.402
5/1/2024 14:00,28.333,26.74
5/1/2024 15:00,28.033,26.935
5/1/2024 16:00,27.775,26.716
5/1/2024 17:00,24.515,33.089
5/1/2024 18:00,19.109,52.137
5/1/2024 19:00,16.364,66.471
5/1/2024 20:00,14.776,69.963
5/1/2024 21:00,13.661,74.042
5/1/2024 22:00,12.631,76.923
5/1/2024 23:00,11.902,79.316
5/2/2024 0:00,11.473,82.906
5/2/2024 1:00,10.958,83.199
5/2/2024 2:00,10.186,85.397
5/2/2024 3:00,9.628,89.475
5/2/2024 4:00,9.328,89.353
5/2/2024 5:00,8.856,91.673
5/2/2024 6:00,8.513,91.893
5/2/2024 7:00,8.427,91.331
5/2/2024 8:00,12.074,81.392
5/2/2024 9:00,17.994,58.706
5/2/2024 10:00,23.528,39.731
5/2/2024 11:00,27.947,30.11
5/2/2024 12:00,30.306,24.225
5/2/2024 13:00,32.923,18.413
5/2/2024 14:00,32.28,19.341
5/2/2024 15:00,31.036,18.486
5/2/2024 16:00,29.792,19.707
5/2/2024 17:00,25.244,25.958
5/2/2024 18:00,19.453,44.591
5/2/2024 19:00,15.849,57.705
5/2/2024 20:00,14.004,65.592
5/2/2024 21:00,13.661,65.446
5/2/2024 22:00,11.988,71.233
5/2/2024 23:00,11.044,75.726
5/3/2024 0:00,10.272,76.752
5/3/2024 1:00,9.628,78.12
5/3/2024 2:00,9.414,80.415
5/3/2024 3:00,8.856,82.393
5/3/2024 4:00,8.084,83.346
5/3/2024 5:00,7.44,86.642
5/3/2024 6:00,8.856,77.68
5/3/2024 7:00,9.199,74.847
5/3/2024 8:00,13.489,58.071
5/3/2024 9:00,17.393,50.818
5/3/2024 10:00,21.254,42.491
5/3/2024 11:00,26.274,32.015
5/3/2024 12:00,28.762,29.035
5/3/2024 13:00,29.749,22.857
5/3/2024 14:00,32.451,18.217
5/3/2024 15:00,32.194,17.509
5/3/2024 16:00,31.808,17.973
5/3/2024 17:00,24.944,27.424
5/3/2024 18:00,18.68,51.404
5/3/2024 19:00,15.978,61.148
5/3/2024 20:00,14.219,67.839
5/3/2024 21:00,13.146,70.989
5/3/2024 22:00,11.945,75.482
5/3/2024 23:00,11.688,77.875
5/4/2024 0:00,11.945,72.308
5/4/2024 1:00,13.618,60.586
5/4/2024 2:00,12.503,64.664
5/4/2024 3:00,11.13,73.065
5/4/2024 4:00,13.103,62.589
5/4/2024 5:00,11.344,70.11
5/4/2024 6:00,10.358,75.238
5/4/2024 7:00,9.414,81.099
5/4/2024 8:00,13.918,59.194
5/4/2024 9:00,17.35,47.888
5/4/2024 10:00,21.254,39.292
5/4/2024 11:00,24.729,31.648
5/4/2024 12:00,27.432,28.449
5/4/2024 13:00,27.475,25.91
5/4/2024 14:00,29.277,23.541
5/4/2024 15:00,28.59,20.708
5/4/2024 16:00,27.604,22.833
5/4/2024 17:00,23.442,27.961
5/4/2024 18:00,19.41,37.411
5/4/2024 19:00,15.592,49.646
5/4/2024 20:00,13.661,58.193
5/4/2024 21:00,12.631,61.929
5/4/2024 22:00,11.945,61.172
5/4/2024 23:00,12.717,56.239
5/5/2024 0:00,16.492,42.222
5/5/2024 1:00,15.677,44.127
5/5/2024 2:00,14.605,48.718
5/5/2024 3:00,14.176,50.525
5/5/2024 4:00,11.516,62.784
5/5/2024 5:00,9.8,71.551
5/5/2024 6:00,8.341,79.731
5/5/2024 7:00,8.642,78.608
5/5/2024 8:00,12.331,64.151
5/5/2024 9:00,16.535,48.742
5/5/2024 10:00,20.654,39.023
5/5/2024 11:00,23.442,33.309
5/5/2024 12:00,26.574,29.988
5/5/2024 13:00,26.96,26.227
5/5/2024 14:00,28.076,24.591
5/5/2024 15:00,28.505,23.468
5/5/2024 16:00,28.719,20.928
5/5/2024 17:00,23.185,28.303
5/5/2024 18:00,17.479,47.741
5/5/2024 19:00,14.519,61.661
5/5/2024 20:00,12.975,66.227
5/5/2024 21:00,11.859,68.059
5/5/2024 22:00,11.216,70.818
5/5/2024 23:00,10.744,75.897
5/6/2024 0:00,9.886,78.462
5/6/2024 1:00,9.8,78.12
5/6/2024 2:00,8.513,84.908
5/6/2024 3:00,8.127,85.763
5/6/2024 4:00,7.741,87.375
5/6/2024 5:00,7.312,87.375
5/6/2024 6:00,7.312,89.499
5/6/2024 7:00,7.698,87.912
5/6/2024 8:00,12.546,62.076
5/6/2024 9:00,18.509,41.807
5/6/2024 10:00,22.627,31.844
5/6/2024 11:00,28.376,23.297
5/6/2024 12:00,27.518,19.902
5/6/2024 13:00,27.647,22.711
5/6/2024 14:00,28.676,21.27
5/6/2024 15:00,28.376,18.852
5/6/2024 16:00,28.033,20.269
5/6/2024 17:00,23.271,28.742
5/6/2024 18:00,17.393,44.737
5/6/2024 19:00,14.648,55.263
5/6/2024 20:00,12.932,60.317
5/6/2024 21:00,11.559,65.788
5/6/2024 22:00,10.701,72.479
5/6/2024 23:00,9.757,75.751
5/7/2024 0:00,9.328,77.094
5/7/2024 1:00,8.813,78.071
5/7/2024 2:00,8.298,81.294
5/7/2024 3:00,9.371,71.477
5/7/2024 4:00,8.77,75.043
5/7/2024 5:00,7.526,82.735
5/7/2024 6:00,8.17,79.316
5/7/2024 7:00,7.011,85.495
5/7/2024 8:00,11.13,68.23
5/7/2024 9:00,16.192,48.181
5/7/2024 10:00,20.74,36.166
5/7/2024 11:00,27.089,25.324
5/7/2024 12:00,28.719,24.908
5/7/2024 13:00,30.435,19.194
5/7/2024 14:00,29.834,19.17
5/7/2024 15:00,30.349,18.974
5/7/2024 16:00,29.062,18.73
5/7/2024 17:00,23.399,26.764
5/7/2024 18:00,17.05,46.227
5/7/2024 19:00,14.133,54.31
5/7/2024 20:00,12.374,63.541
5/7/2024 21:00,11.216,67.521
5/7/2024 22:00,10.315,74.188
5/7/2024 23:00,9.5,76.752
5/8/2024 0:00,9.414,74.481
5/8/2024 1:00,8.47,78.828
5/8/2024 2:00,7.955,80.049
5/8/2024 3:00,7.269,83.077
5/8/2024 4:00,6.883,85.104
5/8/2024 5:00,7.054,83.248
5/8/2024 6:00,6.582,85.958
5/8/2024 7:00,6.926,83.736
5/8/2024 8:00,11.001,69.499
5/8/2024 9:00,16.535,47.937
5/8/2024 10:00,21.769,34.872
5/8/2024 11:00,28.333,24.274
5/8/2024 12:00,30.392,20.488
5/8/2024 13:00,32.408,20.366
5/8/2024 14:00,31.894,16.947
5/8/2024 15:00,31.722,17.216
5/8/2024 16:00,33.438,15.092
5/8/2024 17:00,25.158,25.226
5/8/2024 18:00,17.779,51.16
5/8/2024 19:00,14.948,56.972
5/8/2024 20:00,13.189,62.344
5/8/2024 21:00,12.245,68.303
5/8/2024 22:00,11.301,68.767
5/8/2024 23:00,11.473,68.669
5/9/2024 0:00,10.744,74.847
5/9/2024 1:00,9.843,76.093
5/9/2024 2:00,10.83,73.089
5/9/2024 3:00,9.457,75.311
5/9/2024 4:00,9.414,74.383
5/9/2024 5:00,9.156,75.433
5/9/2024 6:00,9.457,74.164
5/9/2024 7:00,10.787,71.062
5/9/2024 8:00,14.991,56.386
5/9/2024 9:00,18.466,44.713
5/9/2024 10:00,21.383,40.879
5/9/2024 11:00,27.175,27.863
5/9/2024 12:00,31.036,21.221
5/9/2024 13:00,30.778,21.27
5/9/2024 14:00,31.679,18.168
5/9/2024 15:00,31.722,17.778
5/9/2024 16:00,33.695,17.509
5/9/2024 17:00,25.544,26.325
5/9/2024 18:00,18.423,49.035
5/9/2024 19:00,15.506,59.487
5/9/2024 20:00,14.219,60.562
5/9/2024 21:00,13.361,65.372
5/9/2024 22:00,17.136,41.856
5/9/2024 23:00,17.522,38.73
5/10/2024 0:00,16.149,41.245
5/10/2024 1:00,15.549,43.394
5/10/2024 2:00,14.519,49.255
5/10/2024 3:00,13.833,51.697
5/10/2024 4:00,12.331,59.316
5/10/2024 5:00,14.433,50.94
5/10/2024 6:00,12.975,58.193
5/10/2024 7:00,11.559,65.421
5/10/2024 8:00,14.562,55.58
5/10/2024 9:00,18.938,44.2
5/10/2024 10:00,19.066,43.81
5/10/2024 11:00,21.555,40.342
5/10/2024 12:00,23.356,35.678
5/10/2024 13:00,25.33,33.968
5/10/2024 14:00,27.003,31.013
5/10/2024 15:00,22.927,38.388
5/10/2024 16:00,22.155,40.488
5/10/2024 17:00,21.984,41.587
5/10/2024 18:00,16.707,60.83
5/10/2024 19:00,16.106,63.126
5/10/2024 20:00,14.347,68.889
5/10/2024 21:00,15.163,60.073
5/10/2024 22:00,13.618,66.032
5/10/2024 23:00,15.12,57.289
5/11/2024 0:00,12.889,64.054
5/11/2024 1:00,12.76,64.42
5/11/2024 2:00,11.473,70.134
5/11/2024 3:00,10.401,75.238
5/11/2024 4:00,9.285,79.048
5/11/2024 5:00,9.543,79.267
5/11/2024 6:00,7.827,84.884
5/11/2024 7:00,7.312,87.546
5/11/2024 8:00,10.83,78.632
5/11/2024 9:00,16.793,49.963
5/11/2024 10:00,20.268,39.414
5/11/2024 11:00,22.198,29.963
5/11/2024 12:00,24.858,24.982
5/11/2024 13:00,28.59,19.341
5/11/2024 14:00,27.689,14.042
5/11/2024 15:00,27.775,16.166
5/11/2024 16:00,27.089,13.26
5/11/2024 17:00,22.069,21.368
5/11/2024 18:00,15.205,41.514
5/11/2024 19:00,11.816,56.85
5/11/2024 20:00,10.1,58.559
5/11/2024 21:00,9.028,61.392
5/11/2024 22:00,8.127,65.055
5/11/2024 23:00,7.44,70.208
5/12/2024 0:00,6.625,71.6
5/12/2024 1:00,6.068,74.383
5/12/2024 2:00,5.51,75.824
5/12/2024 3:00,4.995,79.878
5/12/2024 4:00,4.781,81.783
5/12/2024 5:00,4.223,82.955
5/12/2024 6:00,3.794,84.176
5/12/2024 7:00,3.622,85.348
5/12/2024 8:00,6.282,73.944
5/12/2024 9:00,14.862,41.807
5/12/2024 10:00,19.324,34.872
5/12/2024 11:00,24.515,26.007
5/12/2024 12:00,29.405,13.529
5/12/2024 13:00,28.076,9.28
5/12/2024 14:00,28.118,9.133
5/12/2024 15:00,28.547,6.3
5/12/2024 16:00,27.947,9.695
5/12/2024 17:00,22.541,16.215
5/12/2024 18:00,15.163,40.733
5/12/2024 19:00,12.159,50.183
5/12/2024 20:00,10.615,58.168
5/12/2024 21:00,9.199,57.778
5/12/2024 22:00,7.741,58.828
5/12/2024 23:00,7.955,59.683
5/13/2024 0:00,6.582,67.155
5/13/2024 1:00,6.068,69.695
5/13/2024 2:00,7.44,61.905
5/13/2024 3:00,9.5,60.757
5/13/2024 4:00,8.427,70.891
5/13/2024 5:00,9.714,86.032
5/13/2024 6:00,9.5,86.056
5/13/2024 7:00,9.843,91.38
5/13/2024 8:00,12.202,86.178
5/13/2024 9:00,15.077,74.237
5/13/2024 10:00,18.68,56.508
5/13/2024 11:00,22.498,44.664
5/13/2024 12:00,25.759,36.947
5/13/2024 13:00,27.518,32.821
5/13/2024 14:00,29.019,27.131
5/13/2024 15:00,27.818,26.74
5/13/2024 16:00,26.102,32.796
5/13/2024 17:00,22.413,43.346
5/13/2024 18:00,16.492,68.254
5/13/2024 19:00,13.79,76.923
5/13/2024 20:00,12.374,76.41
5/13/2024 21:00,11.173,81.49
5/13/2024 22:00,10.443,85.128
5/13/2024 23:00,10.014,86.496
5/14/2024 0:00,9.543,87.375
5/14/2024 1:00,9.585,86.789
5/14/2024 2:00,8.985,90.256
5/14/2024 3:00,9.671,86.276
5/14/2024 4:00,9.028,89.158
5/14/2024 5:00,8.47,90.33
5/14/2024 6:00,7.741,92.137
5/14/2024 7:00,8.985,89.524
5/14/2024 8:00,11.087,82.466
5/14/2024 9:00,14.004,78.339
5/14/2024 10:00,17.694,64.786
5/14/2024 11:00,23.099,44.225
5/14/2024 12:00,23.099,44.2
5/14/2024 13:00,26.66,32.918
5/14/2024 14:00,27.003,31.844
5/14/2024 15:00,25.888,33.7
5/14/2024 16:00,25.459,34.042
5/14/2024 17:00,21.555,43.614
5/14/2024 18:00,15.935,68.132
5/14/2024 19:00,13.79,75.067
5/14/2024 20:00,12.417,79.414
5/14/2024 21:00,11.473,83.223
5/14/2024 22:00,10.744,85.226
5/14/2024 23:00,10.872,84.957
5/15/2024 0:00,10.572,85.446
5/15/2024 1:00,9.843,88.23
5/15/2024 2:00,8.856,91.087
5/15/2024 3:00,8.856,91.111
5/15/2024 4:00,9.028,92.063
5/15/2024 5:00,9.199,90.891
5/15/2024 6:00,9.028,91.184
5/15/2024 7:00,8.341,92.967
5/15/2024 8:00,11.087,84.933
5/15/2024 9:00,15.205,68.938
5/15/2024 10:00,17.994,55.897
5/15/2024 11:00,22.627,38.046
5/15/2024 12:00,26.231,31.453
5/15/2024 13:00,26.145,29.084
5/15/2024 14:00,26.531,28.938
5/15/2024 15:00,30.178,24.982
5/15/2024 16:00,26.016,29.597
5/15/2024 17:00,22.456,38.608
5/15/2024 18:00,16.407,62.1
5/15/2024 19:00,14.004,69.89
5/15/2024 20:00,12.846,75.8
5/15/2024 21:00,12.074,80.537
5/15/2024 22:00,10.958,82.125
5/15/2024 23:00,10.186,82.979
5/16/2024 0:00,9.757,85.226
5/16/2024 1:00,9.371,87.399
5/16/2024 2:00,8.727,88.84
5/16/2024 3:00,8.298,89.792
5/16/2024 4:00,7.869,91.526
5/16/2024 5:00,7.398,93.236
5/16/2024 6:00,7.183,93.944
5/16/2024 7:00,7.226,94.335
5/16/2024 8:00,10.272,86.129
5/16/2024 9:00,15.806,64.518
5/16/2024 10:00,20.311,50.525
5/16/2024 11:00,25.888,37.705
5/16/2024 12:00,28.161,28.742
5/16/2024 13:00,28.29,27.009
5/16/2024 14:00,27.775,26.227
5/16/2024 15:00,28.118,21.465
5/16/2024 16:00,27.175,22.222
5/16/2024 17:00,23.614,27.692
5/16/2024 18:00,17.093,51.233
5/16/2024 19:00,14.39,63.394
5/16/2024 20:00,12.503,72.21
5/16/2024 21:00,11.387,76.459
5/16/2024 22:00,10.744,78.339
5/16/2024 23:00,10.1,78.852
5/17/2024 0:00,9.628,78.852
5/17/2024 1:00,8.727,81.197
5/17/2024 2:00,8.256,82.247
5/17/2024 3:00,7.955,84.762
5/17/2024 4:00,7.312,87.692
5/17/2024 5:00,7.097,86.74
5/17/2024 6:00,6.411,88.596
5/17/2024 7:00,6.325,88.864
5/17/2024 8:00,9.757,79.585
5/17/2024 9:00,16.278,53.089
5/17/2024 10:00,20.353,41.709
5/17/2024 11:00,25.03,23.028
5/17/2024 12:00,27.218,23.907
5/17/2024 13:00,27.689,22.711
5/17/2024 14:00,27.346,20.024
5/17/2024 15:00,27.432,20.098
5/17/2024 16:00,25.973,22.002
5/17/2024 17:00,22.927,27.424
5/17/2024 18:00,16.921,45.397
5/17/2024 19:00,14.004,57.802
5/17/2024 20:00,12.374,64.567
5/17/2024 21:00,11.044,69.548
5/17/2024 22:00,10.315,70.696
5/17/2024 23:00,9.328,70.891
5/18/2024 0:00,8.77,73.309
5/18/2024 1:00,8.041,78.291
5/18/2024 2:00,7.226,80.073
5/18/2024 3:00,6.711,81.27
5/18/2024 4:00,6.153,83.59
5/18/2024 5:00,5.767,85.177
5/18/2024 6:00,5.21,87.277
5/18/2024 7:00,5.081,86.276
5/18/2024 8:00,7.998,79.805
5/18/2024 9:00,15.077,57.314
5/18/2024 10:00,20.868,32.894
5/18/2024 11:00,24.729,24.811
5/18/2024 12:00,25.587,22.613
5/18/2024 13:00,26.917,20.244
5/18/2024 14:00,25.373,22.418
5/18/2024 15:00,25.63,21.294
5/18/2024 16:00,24.987,22.369
5/18/2024 17:00,21.64,28.498
5/18/2024 18:00,15.42,50.11
5/18/2024 19:00,12.803,61.465
5/18/2024 20:00,10.915,64.982
5/18/2024 21:00,10.186,66.545
5/18/2024 22:00,9.457,72.576
5/18/2024 23:00,8.298,73.578
5/19/2024 0:00,7.655,74.823
5/19/2024 1:00,7.054,79.634
5/19/2024 2:00,6.325,80.098
5/19/2024 3:00,5.896,83.346
5/19/2024 4:00,5.295,84.762
5/19/2024 5:00,4.866,86.642
5/19/2024 6:00,4.437,88.425
5/19/2024 7:00,4.352,88.107
5/19/2024 8:00,7.14,81.123
5/19/2024 9:00,13.618,55.043
5/19/2024 10:00,18.938,40.513
5/19/2024 11:00,24.686,23.81
5/19/2024 12:00,25.073,22.198
5/19/2024 13:00,25.673,20.928
5/19/2024 14:00,26.874,19.536
5/19/2024 15:00,26.274,19.951
5/19/2024 16:00,26.703,20.195
5/19/2024 17:00,21.04,29.06
5/19/2024 18:00,14.605,52.454
5/19/2024 19:00,11.773,63.077
5/19/2024 20:00,10.272,62.906
5/19/2024 21:00,9.371,65.934
5/19/2024 22:00,8.427,70.72
5/19/2024 23:00,7.612,76.02
5/20/2024 0:00,7.14,75.849
5/20/2024 1:00,6.454,79.609
5/20/2024 2:00,6.025,81.929
5/20/2024 3:00,5.124,84.957
5/20/2024 4:00,4.952,84.615
5/20/2024 5:00,4.824,84.908
5/20/2024 6:00,5.038,84.225
5/20/2024 7:00,5.253,85.495
5/20/2024 8:00,8.084,75.507
5/20/2024 9:00,14.948,49.719
5/20/2024 10:00,19.367,33.04
5/20/2024 11:00,25.373,23.321
5/20/2024 12:00,28.376,23.15
5/20/2024 13:00,29.834,17.534
5/20/2024 14:00,27.046,18.584
5/20/2024 15:00,27.732,17.851
5/20/2024 16:00,26.917,18.437
5/20/2024 17:00,22.155,28.889
5/20/2024 18:00,15.205,52.796
5/20/2024 19:00,12.46,61.221
5/20/2024 20:00,10.658,63.541
5/20/2024 21:00,9.242,67.692
5/20/2024 22:00,8.556,70.256
5/20/2024 23:00,7.698,74.212
5/21/2024 0:00,7.14,77.607
5/21/2024 1:00,6.625,80.024
5/21/2024 2:00,6.025,82.418
5/21/2024 3:00,5.253,85.836
5/21/2024 4:00,4.781,85.006
5/21/2024 5:00,4.695,86.471
5/21/2024 6:00,4.309,87.057
5/21/2024 7:00,4.051,89.011
5/21/2024 8:00,7.526,81.807
5/21/2024 9:00,14.133,50.012
5/21/2024 10:00,18.552,40.904
5/21/2024 11:00,25.373,24.078
5/21/2024 12:00,27.046,22.686
5/21/2024 13:00,27.089,20.733
5/21/2024 14:00,27.732,19.365
5/21/2024 15:00,27.647,19.634
5/21/2024 16:00,29.062,20
5/21/2024 17:00,21.898,31.16
5/21/2024 18:00,15.248,55.653
5/21/2024 19:00,12.117,61.587
5/21/2024 20:00,10.572,67.179
5/21/2024 21:00,9.585,70.623
5/21/2024 22:00,8.599,72.308
5/21/2024 23:00,8.041,74.896
5/22/2024 0:00,7.655,80.537
5/22/2024 1:00,6.711,81.172
5/22/2024 2:00,6.068,83.785
5/22/2024 3:00,5.51,84.542
5/22/2024 4:00,5.124,87.082
5/22/2024 5:00,4.781,88.034
5/22/2024 6:00,4.609,88.889
5/22/2024 7:00,4.48,90.501
5/22/2024 8:00,7.827,80.098
5/22/2024 9:00,15.12,48.62
5/22/2024 10:00,19.367,38.486
5/22/2024 11:00,26.231,27.595
5/22/2024 12:00,26.789,20.317
5/22/2024 13:00,30.392,16.947
5/22/2024 14:00,32.28,14.872
5/22/2024 15:00,30.049,20.513
5/22/2024 16:00,27.303,18.901
5/22/2024 17:00,22.198,28.791
5/22/2024 18:00,15.205,51.99
5/22/2024 19:00,12.588,62.222
5/22/2024 20:00,10.572,65.861
5/22/2024 21:00,9.671,70.818
5/22/2024 22:00,9.242,73.089
5/22/2024 23:00,8.599,73.651
5/23/2024 0:00,6.969,78.486
5/23/2024 1:00,7.097,80.049
5/23/2024 2:00,6.111,80.562
5/23/2024 3:00,5.338,85.592
5/23/2024 4:00,5.21,84.542
5/23/2024 5:00,4.695,88.596
5/23/2024 6:00,4.523,87.57
5/23/2024 7:00,4.437,90.012
5/23/2024 8:00,8.47,74.066
5/23/2024 9:00,13.876,48.303
5/23/2024 10:00,16.964,41.709
5/23/2024 11:00,22.584,30.525
5/23/2024 12:00,26.874,23.028
5/23/2024 13:00,26.789,22.637
5/23/2024 14:00,26.96,22.002
5/23/2024 15:00,29.019,20.733
5/23/2024 16:00,26.917,20.928
5/23/2024 17:00,20.868,34.505
5/23/2024 18:00,14.948,59.389
5/23/2024 19:00,12.202,63.15
5/23/2024 20:00,10.872,71.087
5/23/2024 21:00,9.714,70.623
5/23/2024 22:00,8.942,74.554
5/23/2024 23:00,8.298,75.604
5/24/2024 0:00,7.312,78.291
5/24/2024 1:00,6.411,82.613
5/24/2024 2:00,6.325,84.689
5/24/2024 3:00,5.639,86.593
5/24/2024 4:00,5.253,87.57
5/24/2024 5:00,5.167,88.083
5/24/2024 6:00,4.866,89.451
5/24/2024 7:00,5.338,88.645
5/24/2024 8:00,7.955,80.488
5/24/2024 9:00,13.232,57.411
5/24/2024 10:00,17.822,45.177
5/24/2024 11:00,25.244,27.79
5/24/2024 12:00,24.429,28.474
5/24/2024 13:00,27.175,20.488
5/24/2024 14:00,27.089,21.49
5/24/2024 15:00,27.518,21.416
5/24/2024 16:00,28.762,18.217
5/24/2024 17:00,20.482,33.871
5/24/2024 18:00,14.691,56.288
5/24/2024 19:00,11.902,60.928
5/24/2024 20:00,10.529,63.956
5/24/2024 21:00,9.929,65.104
5/24/2024 22:00,8.685,71.258
5/24/2024 23:00,7.741,75.653
5/25/2024 0:00,7.355,77.607
5/25/2024 1:00,7.398,77.827
5/25/2024 2:00,7.398,78.168
5/25/2024 3:00,6.497,80.952
5/25/2024 4:00,5.939,80.366
5/25/2024 5:00,5.467,82.979
5/25/2024 6:00,4.952,85.104
5/25/2024 7:00,4.652,87.106
5/25/2024 8:00,7.011,80.733
5/25/2024 9:00,13.79,54.383
5/25/2024 10:00,16.535,45.617
5/25/2024 11:00,22.027,32.552
5/25/2024 12:00,22.756,31.502
5/25/2024 13:00,23.785,29.67
5/25/2024 14:00,23.957,27.814
5/25/2024 15:00,23.657,27.863
5/25/2024 16:00,23.099,27.717
5/25/2024 17:00,19.882,33.871
5/25/2024 18:00,14.176,54.823
5/25/2024 19:00,11.602,66.838
5/25/2024 20:00,10.401,69.451
5/25/2024 21:00,9.071,70.501
5/25/2024 22:00,8.298,75.409
5/25/2024 23:00,7.655,78.022
5/26/2024 0:00,7.097,80.83
5/26/2024 1:00,6.54,80.928
5/26/2024 2:00,5.853,85.201
5/26/2024 3:00,5.253,86.349
5/26/2024 4:00,5.081,88.107
5/26/2024 5:00,4.309,91.38
5/26/2024 6:00,4.437,90.232
5/26/2024 7:00,4.395,90.427
5/26/2024 8:00,6.711,84.518
5/26/2024 9:00,12.546,60.122
5/26/2024 10:00,17.737,37.705
5/26/2024 11:00,20.911,29.28
5/26/2024 12:00,23.485,25.421
5/26/2024 13:00,23.228,22.442
5/26/2024 14:00,24.3,21.636
5/26/2024 15:00,24.172,19.414
5/26/2024 16:00,23.271,19.219
5/26/2024 17:00,20.139,24.884
5/26/2024 18:00,13.404,46.081
5/26/2024 19:00,10.315,60.147
5/26/2024 20:00,9.156,63.394
5/26/2024 21:00,7.398,63.761
5/26/2024 22:00,6.797,69.548
5/26/2024 23:00,5.424,72.943
5/27/2024 0:00,4.824,75.995
5/27/2024 1:00,4.008,76.654
5/27/2024 2:00,3.15,79.902
5/27/2024 3:00,2.207,82.735
5/27/2024 4:00,1.563,83.077
5/27/2024 5:00,0.877,85.055
5/27/2024 6:00,0.319,86.252
5/27/2024 7:00,0.448,87.302
5/27/2024 8:00,4.266,77.094
5/27/2024 9:00,11.645,40.855
5/27/2024 10:00,15.463,30.549
5/27/2024 11:00,21.726,19.487
5/27/2024 12:00,26.059,13.675
5/27/2024 13:00,25.244,13.431
5/27/2024 14:00,28.805,11.819
5/27/2024 15:00,25.931,13.48
5/27/2024 16:00,26.831,12.894
5/27/2024 17:00,18.294,28.23
5/27/2024 18:00,12.803,49.597
5/27/2024 19:00,9.328,57.216
5/27/2024 20:00,7.827,59.414
5/27/2024 21:00,7.054,65.25
5/27/2024 22:00,5.767,63.443
5/27/2024 23:00,4.781,67.839
5/28/2024 0:00,4.18,70.525
5/28/2024 1:00,3.322,72.698
5/28/2024 2:00,2.807,74.261
5/28/2024 3:00,2.464,78.51
5/28/2024 4:00,1.692,80.977
5/28/2024 5:00,1.477,81.856
5/28/2024 6:00,1.263,82.906
5/28/2024 7:00,1.134,83.639
5/28/2024 8:00,4.781,72.259
5/28/2024 9:00,11.001,47.155
5/28/2024 10:00,15.506,41.172
5/28/2024 11:00,22.541,23.297
5/28/2024 12:00,25.673,17.094
5/28/2024 13:00,27.046,15.067
5/28/2024 14:00,24,16.972
5/28/2024 15:00,25.587,15.922
5/28/2024 16:00,26.831,14.774
5/28/2024 17:00,18.294,28.205
5/28/2024 18:00,12.417,49.109
5/28/2024 19:00,9.5,54.774
5/28/2024 20:00,8.298,57.045
5/28/2024 21:00,7.054,60.855
5/28/2024 22:00,6.196,66.838
5/28/2024 23:00,6.068,65.275
5/29/2024 0:00,5.253,72.552
5/29/2024 1:00,5.167,73.651
5/29/2024 2:00,4.309,75.702
5/29/2024 3:00,3.408,79.243
5/29/2024 4:00,2.85,81.709
5/29/2024 5:00,2.378,82.491
5/29/2024 6:00,2.292,82.784
5/29/2024 7:00,1.949,85.47
5/29/2024 8:00,4.137,77.729
5/29/2024 9:00,10.787,48.181
5/29/2024 10:00,16.45,41.465
5/29/2024 11:00,22.069,29.499
5/29/2024 12:00,21.598,26.471
5/29/2024 13:00,24.257,21.563
5/29/2024 14:00,22.927,23.565
5/29/2024 15:00,23.185,23.516
5/29/2024 16:00,25.287,21.538
5/29/2024 17:00,17.994,35.214
5/29/2024 18:00,12.631,55.678
5/29/2024 19:00,10.143,59.829
5/29/2024 20:00,8.599,64.762
5/29/2024 21:00,7.398,70.012
5/29/2024 22:00,6.411,73.48
5/29/2024 23:00,6.282,72.234
5/30/2024 0:00,5.295,76.825
5/30/2024 1:00,5.21,78.193
5/30/2024 2:00,4.652,82.93
5/30/2024 3:00,4.137,84.493
5/30/2024 4:00,4.008,83.101
5/30/2024 5:00,4.995,76.996
5/30/2024 6:00,4.566,77.705
5/30/2024 7:00,4.137,79.829
5/30/2024 8:00,8.084,66.203
5/30/2024 9:00,12.202,52.283
5/30/2024 10:00,15.034,45.617
5/30/2024 11:00,17.651,39.853
5/30/2024 12:00,19.839,32.552
5/30/2024 13:00,21.812,28.523
5/30/2024 14:00,23.828,25.568
5/30/2024 15:00,21.855,27.131
5/30/2024 16:00,20.825,29.255
5/30/2024 17:00,18.337,35.922
5/30/2024 18:00,14.776,44.396
5/30/2024 19:00,12.717,54.628
5/30/2024 20:00,14.776,43.81
5/30/2024 21:00,12.245,51.795
5/30/2024 22:00,12.202,50.256
5/30/2024 23:00,13.747,43.59
5/31/2024 0:00,12.717,46.129
5/31/2024 1:00,12.031,48.181
5/31/2024 2:00,11.902,48.156
5/31/2024 3:00,10.014,54.432
5/31/2024 4:00,9.414,58.413
5/31/2024 5:00,8.256,62.759
5/31/2024 6:00,7.655,65.25
5/31/2024 7:00,8.213,63.346
5/31/2024 8:00,9.8,57.241
5/31/2024 9:00,12.631,49.646
5/31/2024 10:00,15.377,42.979
5/31/2024 11:00,19.839,31.429
5/31/2024 12:00,21.083,29.133
5/31/2024 13:00,23.743,25.812
5/31/2024 14:00,23.614,23.199
5/31/2024 15:00,21.941,24.908
5/31/2024 16:00,22.284,23.297
5/31/2024 17:00,19.281,29.011
5/31/2024 18:00,18.166,30.598
5/31/2024 19:00,17.136,33.382
5/31/2024 20:00,17.136,33.162
5/31/2024 21:00,17.093,33.187
5/31/2024 22:00,16.707,34.335
5/31/2024 23:00,15.806,36.752
6/1/2024 0:00,15.42,38.12
6/1/2024 1:00,15.334,37.363
6/1/2024 2:00,14.219,39.78
6/1/2024 3:00,12.932,44.029
6/1/2024 4:00,12.932,44.103
6/1/2024 5:00,12.889,45.421
6/1/2024 6:00,11.516,53.04
6/1/2024 7:00,11.602,54.408
6/1/2024 8:00,12.46,50.916
6/1/2024 9:00,14.562,45.177
6/1/2024 10:00,15.549,42.833
6/1/2024 11:00,19.41,33.114
6/1/2024 12:00,23.356,27.643
6/1/2024 13:00,24.257,26.325
6/1/2024 14:00,23.399,26.447
6/1/2024 15:00,22.885,28.327
6/1/2024 16:00,22.456,28.767
6/1/2024 17:00,18.595,37.778
6/1/2024 18:00,15.763,48.376
6/1/2024 19:00,12.331,62.442
6/1/2024 20:00,10.401,67.888
6/1/2024 21:00,10.143,68.645
6/1/2024 22:00,12.503,53.822
6/1/2024 23:00,13.618,47.497
6/2/2024 0:00,12.546,49.988
6/2/2024 1:00,13.146,48.01
6/2/2024 2:00,11.73,52.259
6/2/2024 3:00,12.374,49.011
6/2/2024 4:00,13.575,45.226
6/2/2024 5:00,12.631,54.579
6/2/2024 6:00,9.414,93.358
6/2/2024 7:00,9.5,94.188
6/2/2024 8:00,10.014,90.305
6/2/2024 9:00,10.1,96.166
6/2/2024 10:00,9.8,97.631
6/2/2024 11:00,9.5,97.363
6/2/2024 12:00,9.972,98.364
6/2/2024 13:00,9.843,98.388
6/2/2024 14:00,9.886,98.681
6/2/2024 15:00,10.014,98.706
6/2/2024 16:00,10.014,97.9
6/2/2024 17:00,10.315,94.286
6/2/2024 18:00,9.972,92.65
6/2/2024 19:00,10.229,89.597
6/2/2024 20:00,10.358,87.79
6/2/2024 21:00,10.315,90.208
6/2/2024 22:00,9.628,97.534
6/2/2024 23:00,10.529,89.573
6/3/2024 0:00,10.958,86.349
6/3/2024 1:00,10.229,94.799
6/3/2024 2:00,10.486,91.306
6/3/2024 3:00,10.229,94.017
6/3/2024 4:00,7.869,98.828
6/3/2024 5:00,6.025,98.755
6/3/2024 6:00,4.437,98.364
6/3/2024 7:00,3.451,98.266
6/3/2024 8:00,3.494,96.044
6/3/2024 9:00,5.124,85.788
6/3/2024 10:00,6.668,78.803
6/3/2024 11:00,7.698,70.794
6/3/2024 12:00,7.269,66.447
6/3/2024 13:00,9.242,52.723
6/3/2024 14:00,8.813,53.333
6/3/2024 15:00,8.599,52.747
6/3/2024 16:00,6.711,58.022
6/3/2024 17:00,5.81,60.464
6/3/2024 18:00,4.266,64.884
6/3/2024 19:00,2.721,77.485
6/3/2024 20:00,4.223,70.183
6/3/2024 21:00,4.18,72.894
6/3/2024 22:00,4.223,76.557
6/3/2024 23:00,3.88,79.072
6/4/2024 0:00,2.979,83.028
6/4/2024 1:00,2.636,83.028
6/4/2024 2:00,2.335,84.884
6/4/2024 3:00,1.863,87.521
6/4/2024 4:00,1.82,90.696
6/4/2024 5:00,0.448,96.166
6/4/2024 6:00,1.22,95.556
6/4/2024 7:00,2.164,92.161
6/4/2024 8:00,3.451,87.009
6/4/2024 9:00,4.652,83.028
6/4/2024 10:00,5.381,79.219
6/4/2024 11:00,6.239,78.73
6/4/2024 12:00,8.47,73.016
6/4/2024 13:00,9.199,73.455
6/4/2024 14:00,10.615,70.159
6/4/2024 15:00,11.087,70.745
6/4/2024 16:00,11.301,71.722
6/4/2024 17:00,10.701,75.824
6/4/2024 18:00,8.813,82.344
6/4/2024 19:00,9.628,72.381
6/4/2024 20:00,8.427,77.265
6/4/2024 21:00,7.698,78.584
6/4/2024 22:00,6.84,80.904
6/4/2024 23:00,6.111,81.416
6/5/2024 0:00,4.995,84.957
6/5/2024 1:00,4.952,81.245
6/5/2024 2:00,6.111,75.8
6/5/2024 3:00,4.995,78.974
6/5/2024 4:00,3.108,87.179
6/5/2024 5:00,4.695,78.364
6/5/2024 6:00,5.295,74.603
6/5/2024 7:00,4.137,77.851
6/5/2024 8:00,5.338,73.309
6/5/2024 9:00,8.384,62.735
6/5/2024 10:00,10.057,60.684
6/5/2024 11:00,13.146,50.281
6/5/2024 12:00,14.948,43.394
6/5/2024 13:00,17.865,35.214
6/5/2024 14:00,17.35,29.695
6/5/2024 15:00,15.506,35.482
6/5/2024 16:00,19.324,26.96
6/5/2024 17:00,11.645,40.635
6/5/2024 18:00,6.368,72.918
6/5/2024 19:00,4.008,83.81
6/5/2024 20:00,2.807,88.132
6/5/2024 21:00,3.022,85.543
6/5/2024 22:00,2.636,85.446
6/5/2024 23:00,3.322,82.466
6/6/2024 0:00,3.279,78.681
6/6/2024 1:00,3.108,78.584
6/6/2024 2:00,3.15,77.021
6/6/2024 3:00,3.108,75.995
6/6/2024 4:00,4.909,64.347
6/6/2024 5:00,5.724,59.145
6/6/2024 6:00,5.596,59.512
6/6/2024 7:00,6.239,54.652
6/6/2024 8:00,7.912,48.767
6/6/2024 9:00,11.645,39.243
6/6/2024 10:00,13.275,37.753
6/6/2024 11:00,14.691,36.581
6/6/2024 12:00,17.007,30.061
6/6/2024 13:00,19.024,26.081
6/6/2024 14:00,18.166,23.98
6/6/2024 15:00,17.179,26.129
6/6/2024 16:00,14.691,35.849
6/6/2024 17:00,11.988,45.934
6/6/2024 18:00,9.929,54.017
6/6/2024 19:00,8.899,57.827
6/6/2024 20:00,8.084,61.319
6/6/2024 21:00,7.011,70.623
6/6/2024 22:00,6.411,75.385
6/6/2024 23:00,6.196,77.314
6/7/2024 0:00,5.253,81.563
6/7/2024 1:00,4.566,85.25
6/7/2024 2:00,4.051,87.766
6/7/2024 3:00,3.923,89.475
6/7/2024 4:00,5.081,87.668
6/7/2024 5:00,5.081,88.498
6/7/2024 6:00,4.395,90.501
6/7/2024 7:00,3.88,92.601
6/7/2024 8:00,5.167,89.621
6/7/2024 9:00,6.711,80.562
6/7/2024 10:00,8.298,71.795
6/7/2024 11:00,10.658,58.877
6/7/2024 12:00,13.404,43.028
6/7/2024 13:00,15.163,37.924
6/7/2024 14:00,17.265,34.872
6/7/2024 15:00,13.575,45.861
6/7/2024 16:00,13.918,43.59
6/7/2024 17:00,9.371,57.338
6/7/2024 18:00,7.869,63.492
6/7/2024 19:00,6.926,67.497
6/7/2024 20:00,6.153,69.719
6/7/2024 21:00,5.982,69.646
6/7/2024 22:00,5.253,72.943
6/7/2024 23:00,4.738,75.971
6/8/2024 0:00,4.094,75.849
6/8/2024 1:00,2.335,84.835
6/8/2024 2:00,0.834,91.087
6/8/2024 3:00,0.834,90.574
6/8/2024 4:00,0.19,93.065
6/8/2024 5:00,-0.668,94.676
6/8/2024 6:00,-0.882,96.264
6/8/2024 7:00,-1.14,95.726
6/8/2024 8:00,0.834,94.896
6/8/2024 9:00,6.926,74.481
6/8/2024 10:00,9.199,65.397
6/8/2024 11:00,14.305,50.672
6/8/2024 12:00,17.994,40.635
6/8/2024 13:00,19.024,34.408
6/8/2024 14:00,20.096,30.72
6/8/2024 15:00,16.707,37.118
6/8/2024 16:00,21.126,27.79
6/8/2024 17:00,12.932,46.496
6/8/2024 18:00,8.041,72.234
6/8/2024 19:00,5.853,79.463
6/8/2024 20:00,4.352,85.201
6/8/2024 21:00,3.665,87.326
6/8/2024 22:00,2.679,92.821
6/8/2024 23:00,1.906,92.869
6/9/2024 0:00,3.751,88.449
6/9/2024 1:00,4.008,83.858
6/9/2024 2:00,3.236,85.812
6/9/2024 3:00,3.622,86.325
6/9/2024 4:00,3.236,89.475
6/9/2024 5:00,3.365,87.179
6/9/2024 6:00,2.893,90.012
6/9/2024 7:00,2.593,90.94
6/9/2024 8:00,4.051,87.814
6/9/2024 9:00,6.84,75.873
6/9/2024 10:00,9.843,65.104
6/9/2024 11:00,14.605,51.526
6/9/2024 12:00,15.506,48.425
6/9/2024 13:00,18.08,41.245
6/9/2024 14:00,20.439,34.505
6/9/2024 15:00,16.364,41.05
6/9/2024 16:00,17.522,37.607
6/9/2024 17:00,12.889,52.894
6/9/2024 18:00,8.041,77.241
6/9/2024 19:00,6.153,82.906
6/9/2024 20:00,4.609,87.643
6/9/2024 21:00,3.923,90.672
6/9/2024 22:00,3.108,92.65
6/9/2024 23:00,2.335,94.701
6/10/2024 0:00,1.649,94.921
6/10/2024 1:00,1.391,96.239
6/10/2024 2:00,0.705,96.386
6/10/2024 3:00,0.104,96.288
6/10/2024 4:00,-0.11,96.679
6/10/2024 5:00,-0.453,96.313
6/10/2024 6:00,-0.496,96.117
6/10/2024 7:00,-0.453,96.874
6/10/2024 8:00,1.992,94.896
6/10/2024 9:00,7.312,74.383
6/10/2024 10:00,10.744,57.289
6/10/2024 11:00,17.05,38.877
6/10/2024 12:00,19.924,28.523
6/10/2024 13:00,21.941,25.665
6/10/2024 14:00,20.654,26.764
6/10/2024 15:00,17.865,29.426
6/10/2024 16:00,22.713,21.294
6/10/2024 17:00,13.103,41.221
6/10/2024 18:00,8.513,61.783
6/10/2024 19:00,5.639,74.994
6/10/2024 20:00,4.266,79.78
6/10/2024 21:00,3.408,81.197
6/10/2024 22:00,2.164,86.691
6/10/2024 23:00,1.649,88.742
6/11/2024 0:00,0.92,90.867
6/11/2024 1:00,0.233,91.868
6/11/2024 2:00,0.104,93.529
6/11/2024 3:00,-0.282,94.017
6/11/2024 4:00,-0.754,93.626
6/11/2024 5:00,-0.582,95.165
6/11/2024 6:00,-1.011,95.311
6/11/2024 7:00,-0.625,95.116
6/11/2024 8:00,1.52,89.011
6/11/2024 9:00,6.969,64.762
